tier,area,source_ref,context,source,translation
P1-desk,frappe/core,frappe/core/doctype/data_export/exporter.py:202,,"""Parent"" signifies the parent table in which this row must be added",
P1-desk,frappe/core,frappe/core/workspace/welcome_workspace/welcome_workspace.json,,"<span class=""h2"">Hi,</span>",
P1-desk,frappe/core,frappe/core/doctype/doctype/doctype.py:1058,,"A DocType's name should start with a letter and can only consist of letters, numbers, spaces, underscores and hyphens",
P1-desk,frappe/core,frappe/core/doctype/system_settings/system_settings.json,,"Adds a clear (×) button to Link fields, allowing users to quickly remove the selected value.",
P1-desk,frappe/core,frappe/core/doctype/system_settings/system_settings.json,,Allow Clearing Link Fields,
P1-desk,frappe/core,frappe/core/doctype/system_settings/system_settings.json,,"Allow users to log in without a password, using a login link sent to their email",
P1-desk,frappe/core,frappe/core/page/permission_manager/permission_manager_help.html:103,,"Apart from System Manager, roles with Set User Permissions right can set permissions for other users for that Document Type.",
P1-desk,frappe/core,frappe/core/page/permission_manager/permission_manager_help.html:11,,"As a best practice, do not assign the same set of permission rule to different Roles. Instead, set multiple Roles to the same User.",
P1-desk,frappe/core,frappe/core/workspace/build/build.json,,Automate processes and extend standard functionality using scripts and background jobs,
P1-desk,frappe/core,frappe/core/workspace/build/build.json,,Build,
P1-desk,frappe/core,frappe/core/workspace/build/build.json,,"Build your own reports, print formats, and dashboards. Create personalized workspaces for easier navigation",
P1-desk,frappe/core,frappe/core/doctype/file/file.py:149,,Cannot attach a folder to a document,
P1-desk,frappe/core,frappe/core/workspace/build/build.json,,Communication Logs,
P1-desk,frappe/core,frappe/core/doctype/document_naming_settings/document_naming_settings.json,,"Configure various aspects of how document naming works like naming series, current counter.",
P1-desk,frappe/core,frappe/core/workspace/build/build.json,,Custom Translation,
P1-desk,frappe/core,frappe/core/doctype/doctype/doctype.json,,Custom?,
P1-desk,frappe/core,frappe/core/workspace/build/build.json,,"Customize properties, naming, fields and more for standard doctypes",
P1-desk,frappe/core,frappe/core/doctype/security_settings/security_settings.json,,Date after which this security.txt should be considered stale.,
P1-desk,frappe/core,frappe/core/doctype/language/language.json,,dd-mm-yyyy,
P1-desk,frappe/core,frappe/core/doctype/language/language.json,,dd.mm.yyyy,
P1-desk,frappe/core,frappe/core/doctype/language/language.json,,dd/mm/yyyy,
P1-desk,frappe/core,frappe/core/doctype/security_settings/security_settings.json,,Defaults to `en`,
P1-desk,frappe/core,frappe/core/doctype/docfield/docfield.json,,"Don't encode HTML tags like &lt;script&gt; or just characters like &lt; or &gt;, as they could be intentionally used in this field",
P1-desk,frappe/core,frappe/core/doctype/sms_settings/sms_settings.json,,"Enter static url parameters here (Eg. sender=ERPNext, username=ERPNext, password=1234 etc.)",
P1-desk,frappe/core,frappe/core/workspace/build/build.json,,Error Logs,
P1-desk,frappe/core,frappe/core/doctype/security_settings/security_settings.py:116,,Expiration date must be in the future,
P1-desk,frappe/core,frappe/core/doctype/security_settings/security_settings.json,,Expires,
P1-desk,frappe/core,frappe/core/workspace/users/users.json,,Failed Login Attempts,
P1-desk,frappe/core,frappe/core/doctype/file/file.py:122,,File URL is required when copying an existing attachment.,
P1-desk,frappe/core,frappe/core/doctype/data_export/exporter.py:197,,"For updating, you can update only selective columns.",
P1-desk,frappe/core,frappe/core/workspace/build/build.json,,Group your custom doctypes under modules,
P1-desk,frappe/core,frappe/core/doctype/security_settings/security_settings.json,,Guidelines and policies on vulnerability reporting. Defaults to `https://frappe.io/security`,
P1-desk,frappe/core,frappe/core/doctype/language/language.json,,HH:mm,
P1-desk,frappe/core,frappe/core/doctype/language/language.json,,HH:mm:ss,
P1-desk,frappe/core,frappe/core/doctype/user_permission/user_permission.json,,Hide descendant records of <b>For Value</b>.,
P1-desk,frappe/core,frappe/core/doctype/doctype/doctype.json,,"Hide Sidebar, Menu, and Comments",
P1-desk,frappe/core,frappe/core/page/permission_manager/permission_manager_help.html:92,,"If a Role does not have access at Level 0, then higher levels are meaningless.",
P1-desk,frappe/core,frappe/core/doctype/role/role.json,,"If disabled, this role will be removed from all users.",
P1-desk,frappe/core,frappe/core/doctype/user/user.json,,"If enabled,  user can login from any IP Address using Two Factor Auth, this can also be set for all users in System Settings",
P1-desk,frappe/core,frappe/core/doctype/system_settings/system_settings.json,,"If enabled, all users can login from any IP Address using Two Factor Auth. This can also be set only for specific user(s) in User Page",
P1-desk,frappe/core,frappe/core/doctype/doctype/doctype.json,,"If enabled, changes to the document are tracked and shown in timeline",
P1-desk,frappe/core,frappe/core/doctype/doctype/doctype.json,,"If enabled, document views are tracked, this can happen multiple times",
P1-desk,frappe/core,frappe/core/doctype/system_settings/system_settings.json,,"If enabled, only System Managers can upload public files. Other users can't see the checkbox <i>Is Private</i> in the upload dialog.",
P1-desk,frappe/core,frappe/core/doctype/doctype/doctype.json,,"If enabled, the document is marked as seen, the first time a user opens it",
P1-desk,frappe/core,frappe/core/doctype/system_settings/system_settings.json,,"If enabled, the password strength will be enforced based on the Minimum Password Score value. A value of 1 being very weak and 4 being very strong.",
P1-desk,frappe/core,frappe/core/doctype/system_settings/system_settings.json,,"If enabled, users who login from Restricted IP Address, won't be prompted for Two Factor Auth",
P1-desk,frappe/core,frappe/core/doctype/user/user.json,,"If left empty, the default workspace will be the last visited workspace",
P1-desk,frappe/core,frappe/core/doctype/system_settings/system_settings.json,,"If not set, the currency precision will depend on number format",
P1-desk,frappe/core,frappe/core/page/permission_manager/permission_manager_help.html:83,,"If the user enables the mask property for the phone number field, the value will be displayed in a masked format (e.g., 811XXXXXXX).",
P1-desk,frappe/core,frappe/core/page/permission_manager/permission_manager_help.html:63,,"If the user has access to Employee and Report is enabled, they can view Employee-based reports.",
P1-desk,frappe/core,frappe/core/doctype/user/user.json,,"If the user has any role checked, then the user becomes a ""System User"". ""System User"" has access to the desktop",
P1-desk,frappe/core,frappe/core/page/permission_manager/permission_manager_help.html:105,,"If these instructions where not helpful, please add in your suggestions on GitHub Issues.",
P1-desk,frappe/core,frappe/core/doctype/user/user.py:1174,,"If this email is registered with us, we have sent password reset instructions to it. Please check your inbox.",
P1-desk,frappe/core,frappe/core/doctype/docfield/docfield.json,,"If unchecked, the value will always be re-fetched on save.",
P1-desk,frappe/core,frappe/core/doctype/data_export/exporter.py:204,,"If you are updating, please select ""Overwrite"" else existing rows will not be deleted.",
P1-desk,frappe/core,frappe/core/doctype/data_export/exporter.py:188,,"If you are uploading new records, ""Naming Series"" becomes mandatory, if present.",
P1-desk,frappe/core,frappe/core/doctype/data_export/exporter.py:186,,"If you are uploading new records, leave the ""name"" (ID) column blank.",
P1-desk,frappe/core,frappe/core/doctype/data_import/data_import.json,,"If your CSV uses a different delimiter, add that character here, ensuring no spaces or additional characters are included.",
P1-desk,frappe/core,frappe/core/doctype/translation/translation.json,,"If your data is in HTML, please copy paste the exact HTML code with the tags.",
P1-desk,frappe/core,frappe/core/doctype/data_import/importer.py:613,,"Import template should be of type .csv, .xlsx or .xls",
P1-desk,frappe/core,frappe/core/doctype/data_import/data_import.js:171,,"Import timed out, please re-try.",
P1-desk,frappe/core,frappe/core/doctype/data_import/data_import.js:35,,"Importing {0} of {1}, {2}",
P1-desk,frappe/core,frappe/core/doctype/data_export/exporter.py:144,,Info:,
P1-desk,frappe/core,frappe/core/page/permission_manager/permission_manager.js:519,,"Level 0 is for document level permissions, higher levels for field level permissions.",
P1-desk,frappe/core,frappe/core/workspace/users/users.json,,Login Activity,
P1-desk,frappe/core,frappe/core/doctype/user/user.json,,Logs,
P1-desk,frappe/core,frappe/core/doctype/data_export/exporter.py:142,,Mandatory:,
P1-desk,frappe/core,frappe/core/web_form/edit_profile/edit_profile.json,,Middle Name (Optional),
P1-desk,frappe/core,frappe/core/doctype/language/language.json,,mm-dd-yyyy,
P1-desk,frappe/core,frappe/core/doctype/language/language.json,,mm/dd/yyyy,
P1-desk,frappe/core,frappe/core/workspace/build/build.json,,"Monitor logs for errors, background jobs, communications, and user activity",
P1-desk,frappe/core,frappe/core/page/permission_manager/permission_manager.js:364,,No user has the role <strong>{0}</strong>,
P1-desk,frappe/core,frappe/core/doctype/data_export/exporter.py:183,,Notes:,
P1-desk,frappe/core,frappe/core/doctype/doctype/doctype.py:444,,"Number of attachment fields are more than {}, limit updated to {}.",
P1-desk,frappe/core,frappe/core/doctype/doctype/doctype.json,,"Once submitted, submittable documents cannot be changed. They can only be Cancelled and Amended.",
P1-desk,frappe/core,frappe/core/page/permission_manager/permission_manager_help.html:102,,"Once you have set this, the users will only be able access documents (eg. Blog Post) where the link exists (eg. Blogger).",
P1-desk,frappe/core,frappe/core/doctype/system_settings/system_settings.json,,OTP placeholder should be defined as <code>{{ otp }}</code> ,
P1-desk,frappe/core,frappe/core/doctype/system_settings/system_settings.py:169,,OTP SMS Template must contain <code>{0}</code> placeholder to insert the OTP.,
P1-desk,frappe/core,frappe/core/workspace/build/build.json,,Packages,
P1-desk,frappe/core,frappe/core/workspace/build/build.json,,"Packages are lightweight apps (collection of Module Defs) that can be created, imported, or released right from the UI",
P1-desk,frappe/core,frappe/core/page/permission_manager/permission_manager_help.html:91,,"Permissions at level 0 are Document Level permissions, i.e. they are primary for access to the document.",
P1-desk,frappe/core,frappe/core/doctype/data_import/data_import.js:164,,"Please click on 'Export Errored Rows', fix the errors and import again.",
P1-desk,frappe/core,frappe/core/doctype/system_settings/system_settings.py:133,,"Please setup SMS before setting it as an authentication method, via SMS Settings",
P1-desk,frappe/core,frappe/core/doctype/security_settings/security_settings.json,,Policy,
P1-desk,frappe/core,frappe/core/doctype/security_settings/security_settings.json,,Preferred Language,
P1-desk,frappe/core,frappe/core/web_form/edit_profile/edit_profile.json,,Profile Picture,
P1-desk,frappe/core,frappe/core/web_form/edit_profile/edit_profile.json,,Profile updated successfully.,
P1-desk,frappe/core,frappe/core/doctype/security_settings/security_settings.py:96,,Public Policy URL must start with https://,
P1-desk,frappe/core,frappe/core/doctype/rq_worker/rq_worker.json,,Queue(s),
P1-desk,frappe/core,frappe/core/doctype/system_settings/system_settings.js:57,,Refreshing...,
P1-desk,frappe/core,frappe/core/doctype/package/package.json,,Release,
P1-desk,frappe/core,frappe/core/doctype/doctype/doctype.py:712,,"Renamed files and replaced code in controllers, please check!",
P1-desk,frappe/core,frappe/core/doctype/role_replication/role_replication.js:8,,Replicating...,
P1-desk,frappe/core,frappe/core/workspace/build/build.json,,Scheduled Jobs Logs,
P1-desk,frappe/core,frappe/core/doctype/user/user.py:394,,Security Alert: Your password has been changed.,
P1-desk,frappe/core,frappe/core/doctype/security_settings_contact/security_settings_contact.json,,Security Settings Contact,
P1-desk,frappe/core,frappe/core/doctype/security_settings_language/security_settings_language.json,,Security Settings Language,
P1-desk,frappe/core,frappe/core/doctype/security_settings/security_settings.json,,Security.txt,
P1-desk,frappe/core,frappe/core/doctype/security_settings/security_settings.js:13,,Security.txt will be served only under HTTPS.,
P1-desk,frappe/core,frappe/core/doctype/docfield/docfield.json,,"Set non-standard precision for a Float, Currency or Percent field",
P1-desk,frappe/core,frappe/core/doctype/data_import/data_import.js:39,,"Skipping {0} of {1}, {2}",
P1-desk,frappe/core,frappe/core/doctype/communication/communication.json,,Soft-Bounced,
P1-desk,frappe/core,frappe/core/doctype/report/report.json,,"Specify a custom timeout, default timeout is 1500 seconds",
P1-desk,frappe/core,frappe/core/doctype/doctype/doctype.py:230,,"Standard DocType cannot have default print format, use Customize Form",
P1-desk,frappe/core,frappe/core/doctype/doctype/doctype.py:1990,,"Subject Field type should be Data, Text, Long Text, Small Text, Text Editor",
P1-desk,frappe/core,frappe/core/workspace/users/users.json,,System Users,
P1-desk,frappe/core,frappe/core/doctype/file/test_file.py:439,,Test_Folder,
P1-desk,frappe/core,frappe/core/doctype/doctype/doctype.py:1078,,"This doctype has pending migrations, run 'bench migrate' before modifying the doctype to avoid losing changes.",
P1-desk,frappe/core,frappe/core/doctype/data_import/data_import.js:182,,"This will terminate the job immediately and might be dangerous, are you sure?",
P1-desk,frappe/core,frappe/core/doctype/system_settings/system_settings.json,,Time in seconds to retain QR code image on server. Min:<strong>240</strong>,
P1-desk,frappe/core,frappe/core/doctype/server_script/server_script.js:40,,"To enable server scripts, read the {0}.",
P1-desk,frappe/core,frappe/core/doctype/user_type/user_type.py:292,,"To set the role {0} in the user {1}, kindly set the {2} field as {3} in one of the {4} record.",
P1-desk,frappe/core,frappe/core/doctype/user/user.py:1115,,"Too many users signed up recently, so the registration is disabled. Please try back in an hour",
P1-desk,frappe/core,frappe/core/doctype/translation/translation.js:7,,"Translations can be viewed by guests, avoid storing private details in translations.",
P1-desk,frappe/core,frappe/core/doctype/data_export/exporter.py:143,,Type:,
P1-desk,frappe/core,frappe/core/doctype/data_import/data_import.js:36,,"Updating {0} of {1}, {2}",
P1-desk,frappe/core,frappe/core/doctype/security_settings/security_settings.py:108,,URL contact must start with https://,
P1-desk,frappe/core,frappe/core/doctype/report/user_activity_report.json,,User Activity Report,
P1-desk,frappe/core,frappe/core/doctype/report/user_activity_report_without_sort.json,,User Activity Report Without Sort,
P1-desk,frappe/core,frappe/core/doctype/user/user.py:1498,,User {0} has started an impersonation session as you. <br><br><b>Reason provided:</b> {1},
P1-desk,frappe/core,frappe/core/workspace/users/users.json,,Website Users,
P1-desk,frappe/core,frappe/core/doctype/security_settings/security_settings.json,,"Website, email or phone where vulnerabilities can be reported. Defaults to `https://security.frappe.io`",
P1-desk,frappe/core,frappe/core/workspace/welcome_workspace/welcome_workspace.json,,Welcome Workspace,
P1-desk,frappe/core,frappe/core/doctype/system_settings/system_settings.json,,"When sending document using email, store the PDF on Communication. Warning: This can increase your storage usage.",
P1-desk,frappe/core,frappe/core/doctype/installed_applications/installed_applications.py:126,,"You are only allowed to update order, do not remove or add apps.",
P1-desk,frappe/core,frappe/core/doctype/user/user.py:388,,Your password has been changed and you might have been logged out of all systems.<br>Please contact the Administrator for further assistance.,
P1-desk,frappe/core,frappe/core/doctype/language/language.json,,yyyy-mm-dd,
P1-desk,frappe/core,frappe/core/doctype/doctype/doctype.py:1640,,"{0} contains an invalid Fetch From expression, Fetch From can't be self-referential.",
P1-desk,frappe/core,frappe/core/doctype/language/language.py:79,,"{0} must begin and end with a letter and can only contain letters, hyphen or underscore.",
P1-desk,frappe/core,frappe/core/page/permission_manager/permission_manager.js:380,,{0} with the role <strong>{1}</strong>,
P1-desk,frappe/core,frappe/core/doctype/doctype/doctype.py:1853,,"{0}: Cannot set Submit, Cancel, Amend without Write",
P1-desk,frappe/core,frappe/core/doctype/doctype/doctype.py:1824,,"{0}: Only one rule allowed with the same Role, Level and {1}",
P1-desk,frappe/desk,frappe/desk/doctype/list_view_settings/list_view_settings.json,,"Allow editing even if the doctype has a workflow set up.

Does nothing if a workflow isn't set up.",
P1-desk,frappe/desk,frappe/desk/form/assign_to.py:107,,"As document sharing is disabled, please give them the required permissions before assigning.",
P1-desk,frappe/desk,frappe/desk/doctype/number_card/number_card.json,,"Check to display the full numeric value (e.g., 1,234,567 instead of 1.2M).",
P1-desk,frappe/desk,frappe/desk/doctype/form_tour_step/form_tour_step.json,,"Enable if on click
opens modal.",
P1-desk,frappe/desk,frappe/desk/doctype/dashboard_chart/dashboard_chart.json,,"Ex: ""colors"": [""#d1d8dd"", ""#ff5858""]",
P1-desk,frappe/desk,frappe/desk/doctype/system_console/system_console.js:18,,Executing...,
P1-desk,frappe/desk,frappe/desk/search.py:271,,Field <code>{0}</code> not found in {1},
P1-desk,frappe/desk,frappe/desk/doctype/note/note.json,,"Help: To link to another record in the system, use ""/desk/note/[Note Name]"" as the Link URL. (don't use ""http://"")",
P1-desk,frappe/desk,frappe/desk/doctype/form_tour_step/form_tour_step.json,,"Hide Previous, Next and Close button on highlight dialog.",
P1-desk,frappe/desk,frappe/desk/doctype/note/note.json,,"If enabled, users will be notified every time they login. If not enabled, users will only be notified once.",
P1-desk,frappe/desk,frappe/desk/doctype/dashboard_chart/dashboard_chart.json,,"If set, only user with these roles can access this chart. If not set, DocType or Report permissions will be used.",
P1-desk,frappe/desk,frappe/desk/doctype/workspace/workspace.json,,light-blue,
P1-desk,frappe/desk,frappe/desk/utils.py:28,,"Name already taken, please set a new name",
P1-desk,frappe/desk,frappe/desk/page/setup_wizard/install_fixtures.py:33,,Non-Conforming,
P1-desk,frappe/desk,frappe/desk/doctype/todo/todo_list.js:14,Access,Open,
P1-desk,frappe/desk,frappe/desk/doctype/dashboard_chart/dashboard_chart.js:208,,"Report has no data, please modify the filters or change the Report Name",
P1-desk,frappe/desk,frappe/desk/doctype/dashboard_chart/dashboard_chart.js:196,,"Report has no numeric fields, please change the Report Name",
P1-desk,frappe/desk,frappe/desk/doctype/number_card/number_card.py:70,,"Report Name, Report Field and Fucntion are required to create a number card",
P1-desk,frappe/desk,frappe/desk/doctype/dashboard/dashboard.json,,"Set Default Options for all charts on this Dashboard (Ex: ""colors"": [""#d1d8dd"", ""#ff5858""])",
P1-desk,frappe/desk,frappe/desk/doctype/bulk_update/bulk_update.json,,"SQL Conditions. Example: {""status"" : ""open"", ""priority"" : ""medium""}",
P1-desk,frappe/desk,frappe/desk/search.py:284,,"Table MultiSelect requires a table with at least one Link field, but none was found in {0}",
P1-desk,frappe/desk,frappe/desk/doctype/bulk_update/bulk_update.py:41,,The Bulk Update could not happen due to <b>{0}</b>,
P1-desk,frappe/desk,frappe/desk/doctype/dashboard_chart/dashboard_chart.json,,"The document type selected is a child table, so the parent document type is required.",
P1-desk,frappe/desk,frappe/desk/utils.py:110,,The report you requested has been generated.<br><br>Click here to download:<br><a href='{0}'>{0}</a><br><br>This link will expire in {1} hours.,
P1-desk,frappe/desk,frappe/desk/doctype/number_card/number_card.js:479,Number Card,This card is visible only to Administrator and System Managers by default. Set a DocType to share with users who have read access.,
P1-desk,frappe/desk,frappe/desk/doctype/onboarding_step/onboarding_step.js:18,,"To export this step as JSON, link it in a Onboarding document and save the document.",
P1-desk,frappe/desk,frappe/desk/doctype/system_console/system_console.json,,To print output use <code>print(text)</code>,
P1-desk,frappe/desk,frappe/desk/page/desktop/desktop.js:531,,Toggle Awesomebar,
P1-desk,frappe/public,frappe/public/js/frappe/ui/page.html:49,, You are impersonating as another user.,
P1-desk,frappe/public,frappe/public/js/frappe/form/form.js:1130,,"""amended_from"" field must be present to do an amendment.",
P1-desk,frappe/public,frappe/public/js/frappe/data_import/data_exporter.js:320,,(Mandatory),
P1-desk,frappe/public,frappe/public/js/frappe/form/footer/version_timeline_content_builder.js:325,User removed row from child table,1 row from {0},
P1-desk,frappe/public,frappe/public/js/frappe/form/footer/version_timeline_content_builder.js:280,User added row to child table,1 row to {0},
P1-desk,frappe/public,frappe/public/js/frappe/form/dashboard.js:510,,"Accurate count can not be fetched, click here to view all documents",
P1-desk,frappe/public,frappe/public/js/frappe/list/list_view.js:2267,Button in list view actions menu,Add Tags,
P1-desk,frappe/public,frappe/public/js/frappe/list/list_view.js:288,Primary action in list view,Add {0},
P1-desk,frappe/public,frappe/public/js/frappe/form/form.js:1316,,"Allowing DocType, DocType. Be careful!",
P1-desk,frappe/public,frappe/public/js/frappe/form/toolbar.js:741,,Already amended as {0},
P1-desk,frappe/public,frappe/public/js/frappe/form/save.js:12,Freeze message while amending a document,Amending,
P1-desk,frappe/public,frappe/public/js/frappe/list/list_view.js:2252,Button in list view actions menu,Apply Assignment Rule,
P1-desk,frappe/public,frappe/public/js/frappe/utils/number_systems.js:41,Number system,Ar,
P1-desk,frappe/public,frappe/public/js/form_builder/components/Section.vue:197,Confirmation dialog message,Are you sure you want to delete the column? All the fields in the column will be moved to the previous column.,
P1-desk,frappe/public,frappe/public/js/form_builder/components/Section.vue:126,Confirmation dialog message,Are you sure you want to delete the section? All the columns along with fields in the section will be moved to the previous section.,
P1-desk,frappe/public,frappe/public/js/form_builder/components/Tabs.vue:65,Confirmation dialog message,Are you sure you want to delete the tab? All the sections along with fields in the tab will be moved to the previous tab.,
P1-desk,frappe/public,frappe/public/js/frappe/list/list_view.js:2213,Button in list view actions menu,Assign To,
P1-desk,frappe/public,frappe/public/js/frappe/form/sidebar/assign_to.js:384,,Assigning...,
P1-desk,frappe/public,frappe/public/js/frappe/widgets/onboarding_widget.js:353,,"Awesome, now try making an entry yourself",
P1-desk,frappe/public,frappe/public/js/frappe/list/list_view.js:2322,Button in list view actions menu,Cancel,
P1-desk,frappe/public,frappe/public/js/frappe/ui/messages.js:74,Secondary button in warning dialog,Cancel,
P1-desk,frappe/public,frappe/public/js/frappe/list/list_view.js:2327,Title of confirmation dialog,Cancel {0} documents?,
P1-desk,frappe/public,frappe/public/js/frappe/form/save.js:13,Freeze message while cancelling a document,Cancelling,
P1-desk,frappe/public,frappe/public/js/frappe/list/list_view.js:2228,Button in list view actions menu,Clear Assignment,
P1-desk,frappe/public,frappe/public/js/frappe/form/controls/code.js:190,Shrink code field.,Collapse,
P1-desk,frappe/public,frappe/public/js/frappe/ui/slides.js:379,Finish the setup wizard,Complete Setup,
P1-desk,frappe/public,frappe/public/js/frappe/ui/messages.js:37,Title of confirmation dialog,Confirm,
P1-desk,frappe/public,frappe/public/js/frappe/web_form/web_form.js:379,,"Couldn't save, please check the data you have entered",
P1-desk,frappe/public,frappe/public/js/frappe/utils/number_systems.js:23,Number system,Cr,
P1-desk,frappe/public,frappe/public/js/frappe/list/list_view.js:539,Create a new document from list view,Create New,
P1-desk,frappe/public,frappe/public/js/frappe/list/list_view.js:1989,Button in list view menu,Customize,
P1-desk,frappe/public,frappe/public/js/frappe/list/list_view.js:2015,Customize qucik filters of List View,Customize Quick Filters,
P1-desk,frappe/public,frappe/public/js/frappe/form/controls/duration.js:27,Duration,Days,
P1-desk,frappe/public,frappe/public/js/frappe/list/list_view.js:2290,Button in list view actions menu,Delete,
P1-desk,frappe/public,frappe/public/js/form_builder/components/Section.vue:196,Title of confirmation dialog,Delete Column,
P1-desk,frappe/public,frappe/public/js/form_builder/components/Section.vue:203,Button text,Delete column,
P1-desk,frappe/public,frappe/public/js/form_builder/components/Section.vue:205,Button text,Delete entire column with fields,
P1-desk,frappe/public,frappe/public/js/form_builder/components/Section.vue:134,Button text,Delete entire section with fields,
P1-desk,frappe/public,frappe/public/js/form_builder/components/Tabs.vue:73,Button text,Delete entire tab with fields,
P1-desk,frappe/public,frappe/public/js/form_builder/components/Section.vue:125,Title of confirmation dialog,Delete Section,
P1-desk,frappe/public,frappe/public/js/form_builder/components/Section.vue:132,Button text,Delete section,
P1-desk,frappe/public,frappe/public/js/form_builder/components/Tabs.vue:64,Title of confirmation dialog,Delete Tab,
P1-desk,frappe/public,frappe/public/js/form_builder/components/Tabs.vue:71,Button text,Delete tab,
P1-desk,frappe/public,frappe/public/js/frappe/list/list_view.js:2295,Title of confirmation dialog,Delete {0} item permanently?,
P1-desk,frappe/public,frappe/public/js/frappe/list/list_view.js:2301,Title of confirmation dialog,Delete {0} items permanently?,
P1-desk,frappe/public,frappe/public/js/frappe/web_form/web_form.js:207,,Deleted!,
P1-desk,frappe/public,frappe/public/js/frappe/views/communication.js:30,Discard Email,Discard,
P1-desk,frappe/public,frappe/public/js/frappe/web_form/web_form.js:186,,Discard?,
P1-desk,frappe/public,frappe/public/js/frappe/widgets/onboarding_widget.js:572,Stop showing the onboarding widget.,Dismiss,
P1-desk,frappe/public,frappe/public/js/frappe/ui/toolbar/awesome_bar.js:229,,"document type..., e.g. customer",
P1-desk,frappe/public,frappe/public/js/frappe/views/reports/report_utils.js:247,Export report,Download,
P1-desk,frappe/public,frappe/public/js/frappe/list/list_view.js:2376,Button in list view actions menu,Edit,
P1-desk,frappe/public,frappe/public/js/frappe/form/grid_row.js:340,Edit grid row,Edit,
P1-desk,frappe/public,frappe/public/js/frappe/list/list_view.js:2008,Button in list view menu,Edit DocType,
P1-desk,frappe/public,frappe/public/js/frappe/web_form/web_form.js:468,Button in web form,Edit your response,
P1-desk,frappe/public,frappe/public/js/frappe/form/controls/link.js:624,Comparison value is empty,empty,
P1-desk,frappe/public,frappe/public/js/frappe/views/communication.js:840,,"Enter Email Recipient(s) in the To, CC, or BCC fields",
P1-desk,frappe/public,frappe/public/js/form_builder/components/FieldProperties.vue:65,,"Enter list of Options, each on a new line.",
P1-desk,frappe/public,frappe/public/js/frappe/ui/messages.js:100,Title of prompt dialog,Enter Value,
P1-desk,frappe/public,frappe/public/js/frappe/web_form/web_form.js:260,Title of error message in web form,Error,
P1-desk,frappe/public,frappe/public/js/frappe/form/controls/code.js:191,Enlarge code field.,Expand,
P1-desk,frappe/public,frappe/public/js/frappe/list/list_view.js:2418,Button in list view actions menu,Export,
P1-desk,frappe/public,frappe/public/js/frappe/views/reports/report_utils.js:245,Export report,Export Report: {0},
P1-desk,frappe/public,frappe/public/js/frappe/views/reports/report_view.js:1519,,Filters:,
P1-desk,frappe/public,frappe/public/js/frappe/views/reports/report_view.js:455,,"For comparison, use >5, <10 or =324.
For ranges, use 5:10 (for values between 5 & 10).",
P1-desk,frappe/public,frappe/public/js/frappe/views/reports/query_report.js:2262,,"For comparison, use >5, <10 or =324. For ranges, use 5:10 (for values between 5 & 10).",
P1-desk,frappe/public,frappe/public/js/frappe/file_uploader/ImageCropper.vue:112,Image Cropper,Free,
P1-desk,frappe/public,frappe/public/js/frappe/views/communication.js:223,Email Sender,From,
P1-desk,frappe/public,frappe/public/js/frappe/ui/group_by/group_by.js:428,,Grouped by <span style='font-weight:600;'>{0}</b>,
P1-desk,frappe/public,frappe/public/js/frappe/views/reports/query_report.js:1757,,Hidden columns include: <br> {0},
P1-desk,frappe/public,frappe/public/js/frappe/form/controls/duration.js:29,Duration,Hours,
P1-desk,frappe/public,frappe/public/js/frappe/list/list_view.js:1953,Button in list view menu,Import,
P1-desk,frappe/public,frappe/public/js/frappe/form/controls/password.js:106,,"Include symbols, numbers and capital letters in the password",
P1-desk,frappe/public,frappe/public/js/frappe/web_form/web_form.js:249,Error message in web form,Invalid values for fields:,
P1-desk,frappe/public,frappe/public/js/frappe/views/kanban/kanban_view.js:280,Button in kanban view menu,Kanban Settings,
P1-desk,frappe/public,frappe/public/js/frappe/utils/number_systems.js:37,Number system,Kh,
P1-desk,frappe/public,frappe/public/js/frappe/list/list_view.js:2106,Button in list view menu,List Settings,
P1-desk,frappe/public,frappe/public/js/frappe/form/footer/form_timeline.js:215,Form timeline,Load More Communications,
P1-desk,frappe/public,frappe/public/js/frappe/file_uploader/TreeNode.vue:45,,Loading...,
P1-desk,frappe/public,frappe/public/js/frappe/form/save.js:181,,"Mandatory fields required in table {0}, Row {1}",
P1-desk,frappe/public,frappe/public/js/frappe/web_form/web_form.js:254,Error message in web form,Mandatory fields required:,
P1-desk,frappe/public,frappe/public/js/frappe/ui/messages.js:281,Default title of the message dialog,Message,
P1-desk,frappe/public,frappe/public/js/frappe/form/controls/duration.js:30,Duration,Minutes,
P1-desk,frappe/public,frappe/public/js/frappe/widgets/number_card_widget.js:235,Number not available,N/A,
P1-desk,frappe/public,frappe/public/js/frappe/list/list_view.js:1427,Description of a list view shortcut,Navigate list down,
P1-desk,frappe/public,frappe/public/js/frappe/list/list_view.js:1434,Description of a list view shortcut,Navigate list up,
P1-desk,frappe/public,frappe/public/js/frappe/ui/slides.js:384,Go to next slide,Next,
P1-desk,frappe/public,frappe/public/js/frappe/ui/filters/filter.js:555,Checkbox is not checked,No,
P1-desk,frappe/public,frappe/public/js/frappe/ui/messages.js:43,Dismiss confirmation dialog,No,
P1-desk,frappe/public,frappe/public/js/frappe/form/form.js:1182,"{0} = verb, {1} = object",No permission to '{0}' {1},
P1-desk,frappe/public,frappe/public/js/form_builder/utils.js:117,Title of the 'row number' column,No.,
P1-desk,frappe/public,frappe/public/js/frappe/ui/filters/filter.js:617,Field value is not set,Not Set,
P1-desk,frappe/public,frappe/public/js/frappe/views/communication.js:1088,,"On {0}, {1} wrote:",
P1-desk,frappe/public,frappe/public/js/frappe/list/list_view.js:1480,Description of a list view shortcut,Open list item,
P1-desk,frappe/public,frappe/public/js/frappe/desk.js:217,Email Account,Please enter the password for: <b>{0}</b>,
P1-desk,frappe/public,frappe/public/js/frappe/ui/slides.js:372,Go to previous slide,Previous,
P1-desk,frappe/public,frappe/public/js/frappe/list/list_view.js:2282,Button in list view actions menu,Print,
P1-desk,frappe/public,frappe/public/js/frappe/list/list_view.js:558,Document count in list view,Refreshing,
P1-desk,frappe/public,frappe/public/js/frappe/views/reports/query_report.js:1053,,"Report initiated, click to view status",
P1-desk,frappe/public,frappe/public/js/frappe/views/reports/report_view.js:21,,Report:,
P1-desk,frappe/public,frappe/public/js/frappe/list/list_view.js:199,Title of message showing restrictions in list view,Restrictions,
P1-desk,frappe/public,frappe/public/js/frappe/list/list_view.js:1975,Button in list view menu,Role Permissions Manager,
P1-desk,frappe/public,frappe/public/js/frappe/ui/sidebar/sidebar.js:122,,"Sales without complexity, lock-in and per-user costs. Try it for free!",
P1-desk,frappe/public,frappe/public/js/frappe/form/save.js:9,Freeze message while saving a document,Saving,
P1-desk,frappe/public,frappe/public/js/form_builder/store.js:233,,Saving...,
P1-desk,frappe/public,frappe/public/js/frappe/form/controls/duration.js:35,Duration,Seconds,
P1-desk,frappe/public,frappe/public/js/frappe/list/list_view.js:1494,Description of a list view shortcut,Select list item,
P1-desk,frappe/public,frappe/public/js/frappe/list/list_view.js:1446,Description of a list view shortcut,Select multiple list items,
P1-desk,frappe/public,frappe/public/js/frappe/views/communication.js:26,Send Email,Send,
P1-desk,frappe/public,frappe/public/js/frappe/ui/filters/filter.js:616,Field value is set,Set,
P1-desk,frappe/public,frappe/public/js/frappe/utils/utils.js:2005,,Source,
P1-desk,frappe/public,frappe/public/js/frappe/list/list_view.js:2349,Button in list view actions menu,Submit,
P1-desk,frappe/public,frappe/public/js/frappe/ui/dialog.js:64,Primary action in dialog,Submit,
P1-desk,frappe/public,frappe/public/js/frappe/ui/messages.js:103,Primary action of prompt dialog,Submit,
P1-desk,frappe/public,frappe/public/js/frappe/desk.js:227,Submit password for Email Account,Submit,
P1-desk,frappe/public,frappe/public/js/frappe/list/list_view.js:2354,Title of confirmation dialog,Submit {0} documents?,
P1-desk,frappe/public,frappe/public/js/workflow_builder/utils.js:176,,Submitted document cannot be converted back to draft while transitioning from <b>{0} State</b> to <b>{1} State</b>,
P1-desk,frappe/public,frappe/public/js/frappe/form/save.js:10,Freeze message while submitting a document,Submitting,
P1-desk,frappe/public,frappe/public/js/frappe/ui/sidebar/sidebar.js:142,,"Support without complexity, lock-in and per-user costs. Try it for free!",
P1-desk,frappe/public,frappe/public/js/frappe/ui/toolbar/awesome_bar.js:231,,"tag name..., e.g. #tag",
P1-desk,frappe/public,frappe/public/js/frappe/desk.js:162,,"The application has been updated to a new version, please refresh this page",
P1-desk,frappe/public,frappe/public/js/frappe/form/form.js:1369,,This document has unsaved changes which might not appear in final PDF. <br> Consider saving the document before printing.,
P1-desk,frappe/public,frappe/public/js/frappe/form/form.js:1142,,"This document is already amended, you cannot ammend it again",
P1-desk,frappe/public,frappe/public/js/frappe/file_uploader/FilePreview.vue:83,,"This file is public and can be accessed by anyone, even without logging in. Mark it private to limit access.",
P1-desk,frappe/public,frappe/public/js/frappe/views/reports/query_report.js:1081,,"This report contains {0} rows and is too big to display in browser, you can {1} this report instead.",
P1-desk,frappe/public,frappe/public/js/frappe/views/communication.js:53,Email Recipients,To,
P1-desk,frappe/public,frappe/public/js/print_format_builder/ConfigureColumns.vue:12,,Total:,
P1-desk,frappe/public,frappe/public/js/frappe/form/save.js:11,Freeze message while updating a document,Updating,
P1-desk,frappe/public,frappe/public/js/frappe/list/list_view.js:1964,Button in list view menu,User Permissions,
P1-desk,frappe/public,frappe/public/js/frappe/web_form/web_form.js:476,Button in web form,View your response,
P1-desk,frappe/public,frappe/public/js/frappe/router.js:180,,Workspace <b>{0}</b> does not exist,
P1-desk,frappe/public,frappe/public/js/frappe/ui/messages.js:38,Approve confirmation dialog,Yes,
P1-desk,frappe/public,frappe/public/js/frappe/ui/filters/filter.js:554,Checkbox is checked,Yes,
P1-desk,frappe/public,frappe/public/js/frappe/utils/user.js:33,Name of the current user. For example: You edited this 5 hours ago.,You,
P1-desk,frappe/public,frappe/public/js/frappe/router.js:647,,"You are about to open an external link. To confirm, click the link again.",
P1-desk,frappe/public,frappe/public/js/frappe/form/footer/form_timeline.js:414,Form timeline,You attached {0},
P1-desk,frappe/public,frappe/public/js/frappe/form/footer/version_timeline_content_builder.js:74,Form timeline,You cancelled this document,
P1-desk,frappe/public,frappe/public/js/frappe/form/footer/version_timeline_content_builder.js:61,Form timeline,You cancelled this document {1},
P1-desk,frappe/public,frappe/public/js/frappe/form/footer/form_timeline.js:443,Form timeline,You changed {0} to {1},
P1-desk,frappe/public,frappe/public/js/frappe/form/footer/version_timeline_content_builder.js:345,Form timeline,You created this document {0},
P1-desk,frappe/public,frappe/public/js/frappe/form/footer/form_timeline.js:419,Form timeline,You removed attachment {0},
P1-desk,frappe/public,frappe/public/js/frappe/form/footer/version_timeline_content_builder.js:48,Form timeline,You submitted this document,
P1-desk,frappe/public,frappe/public/js/frappe/form/footer/version_timeline_content_builder.js:35,Form timeline,You submitted this document {0},
P1-desk,frappe/public,frappe/public/js/frappe/form/footer/form_timeline.js:415,Form timeline,{0} attached {1},
P1-desk,frappe/public,frappe/public/js/frappe/form/footer/version_timeline_content_builder.js:68,Form timeline,{0} cancelled this document {1},
P1-desk,frappe/public,frappe/public/js/frappe/form/footer/form_timeline.js:444,Form timeline,{0} changed {1} to {2},
P1-desk,frappe/public,frappe/public/js/frappe/form/footer/version_timeline_content_builder.js:348,Form timeline,{0} created this document {1},
P1-desk,frappe/public,frappe/public/js/frappe/form/footer/form_timeline.js:420,Form timeline,{0} removed attachment {1},
P1-desk,frappe/public,frappe/public/js/frappe/form/footer/version_timeline_content_builder.js:304,User removed rows from child table,{0} rows from {1},
P1-desk,frappe/public,frappe/public/js/frappe/form/footer/version_timeline_content_builder.js:259,User added rows to child table,{0} rows to {1},
P1-desk,frappe/public,frappe/public/js/frappe/form/footer/version_timeline_content_builder.js:42,Form timeline,{0} submitted this document {1},
P2-business,erpnext/accounts,erpnext/accounts/workspace/invoicing/invoicing.json,,"<span class=""h4""><b>Reports &amp; Masters</b></span>",
P2-business,erpnext/accounts,erpnext/accounts/doctype/exchange_rate_revaluation/exchange_rate_revaluation.py:636,,A draft reverse journal for {0} has been created: {1},
P2-business,erpnext/accounts,erpnext/accounts/general_ledger.py:829,,A Period Closing Voucher is already submitted and an Opening Entry can no longer be created. {0} to learn more.,
P2-business,erpnext/accounts,erpnext/accounts/doctype/bank_transaction_rule/bank_transaction_rule.py:148,,Account company does not match with the rule company.,
P2-business,erpnext/accounts,erpnext/accounts/doctype/accounting_period/accounting_period.py:49,,Accounting Period cannot be created for a future date. End Date {0} is after today.,
P2-business,erpnext/accounts,erpnext/accounts/doctype/accounts_settings/accounts_settings.json,,Accounts Receivable / Payable remarks length,
P2-business,erpnext/accounts,erpnext/accounts/doctype/accounts_settings/accounts_settings.json,,Action if same rate is not maintained throughout internal transaction,
P2-business,erpnext/accounts,erpnext/accounts/doctype/repost_accounting_ledger/repost_accounting_ledger.py:92,,Add atleast one voucher to repost.,
P2-business,erpnext/accounts,erpnext/accounts/report/accounts_payable/accounts_payable.js:73,,Age as on,
P2-business,erpnext/accounts,erpnext/accounts/report/accounts_payable/accounts_payable.html:114,,All Parties,
P2-business,erpnext/accounts,erpnext/accounts/doctype/purchase_taxes_and_charges/purchase_taxes_and_charges.json,,Allocate Full Amount to Stock Items,
P2-business,erpnext/accounts,erpnext/accounts/doctype/accounts_settings/accounts_settings.json,,Allowed DocTypes,
P2-business,erpnext/accounts,erpnext/accounts/doctype/bank_statement_import_log/bank_statement_import_log.py:1190,,Already Imported,
P2-business,erpnext/accounts,erpnext/accounts/doctype/bank_statement_import_log/bank_statement_import_log.json,,"Amount column has ""CR""/""DR"" values",
P2-business,erpnext/accounts,erpnext/accounts/doctype/bank_statement_import_log/bank_statement_import_log.json,,Amount column has positive/negative values,
P2-business,erpnext/accounts,erpnext/accounts/doctype/payment_entry/payment_entry.py:1274,,Amount {0} {1} adjusted against {2} {3},
P2-business,erpnext/accounts,erpnext/accounts/doctype/payment_entry/payment_entry.py:1285,,Amount {0} {1} as adjustment to {2},
P2-business,erpnext/accounts,erpnext/accounts/doctype/bank_transaction_rule/bank_transaction_rule.json,,Any,
P2-business,erpnext/accounts,erpnext/accounts/doctype/pos_profile/pos_profile.json,,Applicable on POS Invoice,
P2-business,erpnext/accounts,erpnext/accounts/doctype/accounts_settings/accounts_settings.json,,Auto reconcile Payments,
P2-business,erpnext/accounts,erpnext/accounts/doctype/accounts_settings/accounts_settings.json,,Auto Reconciliation job trigger,
P2-business,erpnext/accounts,erpnext/accounts/doctype/accounts_settings/accounts_settings.json,,Automatically add Taxes and Charges from Item Tax Template,
P2-business,erpnext/accounts,erpnext/accounts/doctype/accounts_settings/accounts_settings.json,,Automatically add taxes from Taxes and Charges Template,
P2-business,erpnext/accounts,erpnext/accounts/doctype/accounts_settings/accounts_settings.json,,Automatically fetch Payment Terms from Order/Quotation,
P2-business,erpnext/accounts,erpnext/accounts/doctype/accounts_settings/accounts_settings.json,,Automatically process deferred Accounting entry,
P2-business,erpnext/accounts,erpnext/accounts/report/balance_sheet/balance_sheet.py:284,,Balance Sheet requires {0} to be synced to DuckDB,
P2-business,erpnext/accounts,erpnext/accounts/doctype/bank_account_balance/bank_account_balance.json,,Bank Account Balance,
P2-business,erpnext/accounts,erpnext/accounts/doctype/bank_transaction_rule/bank_transaction_rule.json,,Bank Entry Type,
P2-business,erpnext/accounts,erpnext/accounts/doctype/bank_statement_import_log/bank_statement_import_log.json,,Bank Statement Import Log,
P2-business,erpnext/accounts,erpnext/accounts/doctype/bank_statement_import_log_column_map/bank_statement_import_log_column_map.json,,Bank Statement Import Log Column Map,
P2-business,erpnext/accounts,erpnext/accounts/doctype/bank_transaction_rule/bank_transaction_rule.json,,Bank Transaction Rule,
P2-business,erpnext/accounts,erpnext/accounts/doctype/bank_transaction_rule_accounts/bank_transaction_rule_accounts.json,,Bank Transaction Rule Accounts,
P2-business,erpnext/accounts,erpnext/accounts/doctype/bank_transaction_rule_description_conditions/bank_transaction_rule_description_conditions.json,,Bank Transaction Rule Description Conditions,
P2-business,erpnext/accounts,erpnext/accounts/doctype/accounts_settings/accounts_settings.json,,Block a new Sales Invoice when the customer's overdue amount exceeds the Overdue Limit set on the customer.,
P2-business,erpnext/accounts,erpnext/accounts/doctype/accounts_settings/accounts_settings.json,,Book Asset Depreciation entry automatically,
P2-business,erpnext/accounts,erpnext/accounts/doctype/accounts_settings/accounts_settings.json,,Book Deferred entries based on,
P2-business,erpnext/accounts,erpnext/accounts/doctype/accounts_settings/accounts_settings.json,,Book deferred entries via Journal Entry,
P2-business,erpnext/accounts,erpnext/accounts/doctype/accounts_settings/accounts_settings.json,,Book Stock Expense GL Entries,
P2-business,erpnext/accounts,erpnext/accounts/doctype/accounts_settings/accounts_settings.json,,Book tax loss on early payment discount,
P2-business,erpnext/accounts,erpnext/accounts/doctype/budget/budget.py:162,,"Budget cannot be assigned against {0}, as its Root Type is not of Income or Expense",
P2-business,erpnext/accounts,erpnext/accounts/doctype/sales_invoice/sales_invoice.py:2852,,Cannot create Intercompany {0}. All items in the source {1} have already been fully invoiced. Please check the existing linked {2}s.,
P2-business,erpnext/accounts,erpnext/accounts/doctype/repost_accounting_ledger/repost_accounting_ledger.py:96,,Cannot repost more than {0} vouchers at once. Split them into multiple documents.,
P2-business,erpnext/accounts,erpnext/accounts/doctype/item_tax_template_detail/item_tax_template_detail.json,,Check if this tax is not applicable to items (distinct from 0% rate),
P2-business,erpnext/accounts,erpnext/accounts/doctype/accounts_settings/accounts_settings.json,,Check Supplier invoice number uniqueness,
P2-business,erpnext/accounts,erpnext/accounts/doctype/bank_transaction_rule/bank_transaction_rule.json,,Classify As,
P2-business,erpnext/accounts,erpnext/accounts/doctype/bank_statement_import_log/bank_statement_import_log.json,,Column Mapping,
P2-business,erpnext/accounts,erpnext/accounts/doctype/dunning_type/dunning_type.py:122,,Cost Center Validation Error,
P2-business,erpnext/accounts,erpnext/accounts/doctype/bank_statement_import_log/bank_statement_import_log.py:978,,"Could not detect any tables in this PDF. It may be a scanned or image-based statement, which is not supported (no OCR).",
P2-business,erpnext/accounts,erpnext/accounts/doctype/accounts_settings/accounts_settings.json,,Create payment requests in Draft status,
P2-business,erpnext/accounts,erpnext/accounts/doctype/journal_entry/journal_entry.json,,Custom Remark,
P2-business,erpnext/accounts,erpnext/accounts/doctype/accounts_settings/accounts_settings.json,,Data fetch method,
P2-business,erpnext/accounts,erpnext/accounts/doctype/bank_statement_import_log_column_map/bank_statement_import_log_column_map.json,,Debit/Credit,
P2-business,erpnext/accounts,erpnext/accounts/doctype/accounts_settings/accounts_settings.json,,Delete Accounting and Stock Ledger entries on deletion of transaction,
P2-business,erpnext/accounts,erpnext/accounts/doctype/purchase_invoice_item/purchase_invoice_item.json,,Delivered by Supplier,
P2-business,erpnext/accounts,erpnext/accounts/doctype/bank_transaction_rule/bank_transaction_rule.json,,Description Rules,
P2-business,erpnext/accounts,erpnext/accounts/doctype/bank_statement_import_log/bank_statement_import_log.json,,Detected Header Index,
P2-business,erpnext/accounts,erpnext/accounts/doctype/bank_statement_import_log/bank_statement_import_log.json,,Detected Transaction Ending Index,
P2-business,erpnext/accounts,erpnext/accounts/doctype/bank_statement_import_log/bank_statement_import_log.json,,Detected Transaction Starting Index,
P2-business,erpnext/accounts,erpnext/accounts/doctype/accounts_settings/accounts_settings.json,,Determine Address Tax Category from,
P2-business,erpnext/accounts,erpnext/accounts/report/general_ledger/general_ledger.js:182,,Disable Opening Balance Calculation,
P2-business,erpnext/accounts,erpnext/accounts/doctype/bank_statement_import_log/bank_statement_import_log.py:97,,Disabled Bank Account,
P2-business,erpnext/accounts,erpnext/accounts/doctype/bank_statement_import_log_column_map/bank_statement_import_log_column_map.json,,Do not import,
P2-business,erpnext/accounts,erpnext/accounts/doctype/dunning/dunning.py:184,,Dunning Letter for Dunning Type {0} in language '{1}' not found.,
P2-business,erpnext/accounts,erpnext/accounts/doctype/dunning/dunning.py:188,,Dunning Letter for Dunning Type {0} not found.,
P2-business,erpnext/accounts,erpnext/accounts/doctype/dunning_type/dunning_type.py:133,,Duplicate languages found on Dunning Letter Text. Keep only one of them.,
P2-business,erpnext/accounts,erpnext/accounts/doctype/repost_accounting_ledger/repost_accounting_ledger.py:110,,Duplicate vouchers found. Remove the duplicate vouchers to continue to repost.,
P2-business,erpnext/accounts,erpnext/accounts/doctype/payment_request/payment_request.js:57,,Email couldn't be sent.,
P2-business,erpnext/accounts,erpnext/accounts/doctype/accounts_settings/accounts_settings.json,,Enable this if you are experiencing issues with the new budget controller. Uses the older budget validation logic,
P2-business,erpnext/accounts,erpnext/accounts/doctype/payment_entry/payment_entry.py:521,,Failed to update subscription status for {0} {1},
P2-business,erpnext/accounts,erpnext/accounts/doctype/accounts_settings/accounts_settings.json,,Fetch Payment Schedule in Payment Request,
P2-business,erpnext/accounts,erpnext/accounts/doctype/accounts_settings/accounts_settings.json,,Fetch valuation rate for internal Transaction,
P2-business,erpnext/accounts,erpnext/accounts/doctype/accounting_dimension/accounting_dimension.py:95,,Fieldname Conflict,
P2-business,erpnext/accounts,erpnext/accounts/doctype/currency_exchange_settings/currency_exchange_settings.json,,frankfurter.dev - v2,
P2-business,erpnext/accounts,erpnext/accounts/doctype/accounts_settings/accounts_settings.json,,General Ledger remarks length,
P2-business,erpnext/accounts,erpnext/accounts/report/general_ledger/general_ledger.py:829,,General Ledger requires {0} to be synced to DuckDB,
P2-business,erpnext/accounts,erpnext/accounts/doctype/bank_transaction_rule/bank_transaction_rule.js:15,,Go to the <a href='/banking' target='_blank' style='text-decoration: underline;'>Banking module</a> to setup this rule.,
P2-business,erpnext/accounts,erpnext/accounts/doctype/bank_statement_import_log_column_map/bank_statement_import_log_column_map.json,,Header Text,
P2-business,erpnext/accounts,erpnext/accounts/doctype/bank_account/bank_account.json,,"If checked, journal entries made using bank reconciliation will be of type ""Credit Card Entry""",
P2-business,erpnext/accounts,erpnext/accounts/doctype/sales_invoice/sales_invoice.json,,"If checked, updates inventory; stock and accounting entries are created together. Leave unchecked if a Delivery Note is created separately.",
P2-business,erpnext/accounts,erpnext/accounts/doctype/purchase_invoice/purchase_invoice.json,,"If checked, updates inventory; stock and accounting entries are created together. Leave unchecked if a Purchase Receipt is created separately.",
P2-business,erpnext/accounts,erpnext/accounts/doctype/accounts_settings/accounts_settings.json,,"If enabled, rule matching algorithm will run every hour",
P2-business,erpnext/accounts,erpnext/accounts/doctype/opening_invoice_creation_tool/opening_invoice_creation_tool.js:201,,"If party does not exist, create it using the Customer Name field.",
P2-business,erpnext/accounts,erpnext/accounts/doctype/opening_invoice_creation_tool/opening_invoice_creation_tool.js:202,,"If party does not exist, create it using the Supplier Name field.",
P2-business,erpnext/accounts,erpnext/accounts/doctype/accounts_settings/accounts_settings.json,,Ignore Account closing balance,
P2-business,erpnext/accounts,erpnext/accounts/doctype/bank_statement_import_log/bank_statement_import_log.py:206,,"Import template should be of type .csv, .xlsx, .xls or .pdf",
P2-business,erpnext/accounts,erpnext/accounts/doctype/dunning_type/dunning_type.py:86,,Income Account Validation Error,
P2-business,erpnext/accounts,erpnext/accounts/doctype/bank_statement_import_log/bank_statement_import_log.py:92,,Invalid Bank Account,
P2-business,erpnext/accounts,erpnext/accounts/doctype/bank_transaction_rule/bank_transaction_rule.py:38,,Invalid debit/credit formula: {0},
P2-business,erpnext/accounts,erpnext/accounts/doctype/bank_statement_import_log/bank_statement_import_log.py:207,,Invalid File Type,
P2-business,erpnext/accounts,erpnext/accounts/doctype/bank_transaction_rule/bank_transaction_rule.py:143,,Invalid regex pattern.,
P2-business,erpnext/accounts,erpnext/accounts/report/inactive_sales_items/inactive_sales_items.py:99,,Invalid value {0} for 'Based On',
P2-business,erpnext/accounts,erpnext/accounts/doctype/bank_account/bank_account.json,,Is Credit Card,
P2-business,erpnext/accounts,erpnext/accounts/doctype/bank_transaction/bank_transaction.json,,Is Rule Evaluated,
P2-business,erpnext/accounts,erpnext/accounts/doctype/sales_invoice/sales_invoice.json,,Issue a debit note against an existing Sales Invoice to adjust the rate. The quantity will be retained from the original invoice.,
P2-business,erpnext/accounts,erpnext/accounts/doctype/accounts_settings/accounts_settings.json,,Maintain same rate throughout internal Transaction,
P2-business,erpnext/accounts,erpnext/accounts/doctype/accounts_settings/accounts_settings.json,,Match transfers within 'N' days,
P2-business,erpnext/accounts,erpnext/accounts/doctype/bank_transaction/bank_transaction.json,,Matched Transaction Rule,
P2-business,erpnext/accounts,erpnext/accounts/doctype/accounts_settings/accounts_settings.json,,Merge similar Account Heads,
P2-business,erpnext/accounts,erpnext/accounts/doctype/bank_transaction_rule/bank_transaction_rule.py:104,,Min amount cannot be greater than max amount.,
P2-business,erpnext/accounts,erpnext/accounts/doctype/bank_statement_import_log/bank_statement_import_log.py:931,,Missing Dependency,
P2-business,erpnext/accounts,erpnext/accounts/doctype/financial_report_template/financial_report_engine.py:249,,Missing Required Filter,
P2-business,erpnext/accounts,erpnext/accounts/doctype/bank_transaction_rule/bank_transaction_rule.json,,Multiple Accounts,
P2-business,erpnext/accounts,erpnext/accounts/doctype/bank_statement_import_log/bank_statement_import_log.py:982,,No Tables Detected,
P2-business,erpnext/accounts,erpnext/accounts/doctype/process_period_closing_voucher/process_period_closing_voucher.json,,Normal Balances,
P2-business,erpnext/accounts,erpnext/accounts/doctype/accounts_settings/accounts_settings.json,,Number of days to consider for matching transfers across bank accounts,
P2-business,erpnext/accounts,erpnext/accounts/doctype/opening_invoice_creation_tool/opening_invoice_creation_tool.js:36,,Opening Purchase Invoice(s) have been created.,
P2-business,erpnext/accounts,erpnext/accounts/doctype/opening_invoice_creation_tool/opening_invoice_creation_tool.js:35,,Opening Sales Invoice(s) have been created.,
P2-business,erpnext/accounts,erpnext/accounts/doctype/repost_accounting_ledger/repost_accounting_ledger.json,,Partially Reposted,
P2-business,erpnext/accounts,erpnext/accounts/doctype/bank_transaction_rule/bank_transaction_rule.py:114,,Party account is required to create a payment entry.,
P2-business,erpnext/accounts,erpnext/accounts/doctype/bank_statement_import_log_column_map/bank_statement_import_log_column_map.json,,Party Account No.,
P2-business,erpnext/accounts,erpnext/accounts/doctype/bank_statement_import_log_column_map/bank_statement_import_log_column_map.json,,Party IBAN,
P2-business,erpnext/accounts,erpnext/accounts/doctype/bank_statement_import_log_column_map/bank_statement_import_log_column_map.json,,Party Name/Account Holder,
P2-business,erpnext/accounts,erpnext/accounts/doctype/bank_transaction_rule/bank_transaction_rule.py:108,,Party type is required to create a payment entry.,
P2-business,erpnext/accounts,erpnext/accounts/doctype/bank_statement_import_log/bank_statement_import_log.py:947,,Password Required,
P2-business,erpnext/accounts,erpnext/accounts/doctype/bank_account/bank_account.json,,Password used to open password-protected PDF statements for this account. Stored encrypted.,
P2-business,erpnext/accounts,erpnext/accounts/doctype/payment_request/payment_request.py:434,,Payment Link couldn't be sent.,
P2-business,erpnext/accounts,erpnext/accounts/doctype/accounts_settings/accounts_settings.json,,PCV Job Timeout (seconds),
P2-business,erpnext/accounts,erpnext/accounts/doctype/bank_statement_import_log/bank_statement_import_log.py:930,,PDF statement support requires the 'pdfplumber' library to be installed.,
P2-business,erpnext/accounts,erpnext/accounts/doctype/bank_statement_import_log/bank_statement_import_log.json,,PDF Tables,
P2-business,erpnext/accounts,erpnext/accounts/doctype/bank_statement_import_log/bank_statement_import_log.json,,"Per-table extraction data for PDF statements (rows, bbox, page image, column mapping). Edited via the banking app.",
P2-business,erpnext/accounts,erpnext/accounts/doctype/bank_transaction_rule/bank_transaction_rule.py:119,,Please add an account for the Bank Entry rule.,
P2-business,erpnext/accounts,erpnext/accounts/doctype/bank_transaction_rule/bank_transaction_rule.py:122,,Please configure accounts for the Bank Entry rule.,
P2-business,erpnext/accounts,erpnext/accounts/doctype/purchase_invoice/purchase_invoice.py:670,,Please enter a valid Write Off Account,
P2-business,erpnext/accounts,erpnext/accounts/doctype/purchase_invoice/purchase_invoice.py:681,,Please enter a valid Write Off Cost Center,
P2-business,erpnext/accounts,erpnext/accounts/report/accounts_receivable/accounts_receivable.py:1355,,Please select a valid {0},
P2-business,erpnext/accounts,erpnext/accounts/doctype/accounts_settings/accounts_settings.json,,Posting Date inheritance for exchange gain / loss,
P2-business,erpnext/accounts,erpnext/accounts/report/profit_and_loss_statement/profit_and_loss_statement.py:215,,Profit and Loss Statement requires {0} to be synced to DuckDB,
P2-business,erpnext/accounts,erpnext/accounts/general_ledger.py:833,,Read the docs,
P2-business,erpnext/accounts,erpnext/accounts/doctype/accounts_settings/accounts_settings.json,,Reconciliation queue size,
P2-business,erpnext/accounts,erpnext/accounts/doctype/accounts_settings/accounts_settings.json,,Repost,
P2-business,erpnext/accounts,erpnext/accounts/doctype/repost_accounting_ledger_items/repost_accounting_ledger_items.json,,Reposted,
P2-business,erpnext/accounts,erpnext/accounts/doctype/repost_accounting_ledger/repost_accounting_ledger.py:216,,Reposting can be started only for submitted document.,
P2-business,erpnext/accounts,erpnext/accounts/doctype/repost_accounting_ledger/repost_accounting_ledger.py:221,,Reposting cannot be started when status is {0}.,
P2-business,erpnext/accounts,erpnext/accounts/doctype/repost_accounting_ledger/repost_accounting_ledger.py:211,,Reposting is still in progress in background.,
P2-business,erpnext/accounts,erpnext/accounts/doctype/repost_accounting_ledger_items/repost_accounting_ledger_items.json,,Reposting Status,
P2-business,erpnext/accounts,erpnext/accounts/doctype/repost_accounting_ledger/repost_accounting_ledger.py:315,,Reposting {0} {1},
P2-business,erpnext/accounts,erpnext/accounts/doctype/accounts_settings/accounts_settings.json,,Restrict Customer Over Billing,
P2-business,erpnext/accounts,erpnext/accounts/doctype/exchange_rate_revaluation/exchange_rate_revaluation.js:39,,Reversal Journal Entries,
P2-business,erpnext/accounts,erpnext/accounts/doctype/journal_entry/journal_entry_list.js:6,,Reversal Of Exchange Rate Revaluation,
P2-business,erpnext/accounts,erpnext/accounts/doctype/exchange_rate_revaluation/exchange_rate_revaluation.py:628,,Reverse {0} already available in draft status: {1},
P2-business,erpnext/accounts,erpnext/accounts/doctype/exchange_rate_revaluation/exchange_rate_revaluation.js:118,,Reversing Journals...,
P2-business,erpnext/accounts,erpnext/accounts/doctype/accounts_settings/accounts_settings.json,,Role allowed to bypass credit limit,
P2-business,erpnext/accounts,erpnext/accounts/doctype/accounts_settings/accounts_settings.json,,Role Allowed to Bypass Over Billing Restriction,
P2-business,erpnext/accounts,erpnext/accounts/doctype/accounts_settings/accounts_settings.json,,Role Allowed to over bill ,
P2-business,erpnext/accounts,erpnext/accounts/doctype/accounts_settings/accounts_settings.json,,Role allowed to override stop action,
P2-business,erpnext/accounts,erpnext/accounts/doctype/accounts_settings/accounts_settings.json,,Round tax amount row-wise,
P2-business,erpnext/accounts,erpnext/accounts/doctype/opening_invoice_creation_tool/opening_invoice_creation_tool.py:142,,Row #{0}: {1} account is not of type {2},
P2-business,erpnext/accounts,erpnext/accounts/doctype/sales_invoice/sales_invoice.py:407,,Row {0}: Update Stock must be checked for item {1} because it is against Pick List {2}.,
P2-business,erpnext/accounts,erpnext/accounts/doctype/repost_accounting_ledger/repost_accounting_ledger.py:232,,Scheduler is inactive. Reposting will only run once background jobs are processed.,
P2-business,erpnext/accounts,erpnext/accounts/doctype/payment_request/payment_request.js:51,,Sending Email,
P2-business,erpnext/accounts,erpnext/accounts/doctype/bank_statement_import_log/bank_statement_import_log.json,,Separate columns for withdrawal and deposit,
P2-business,erpnext/accounts,erpnext/accounts/doctype/accounts_settings/accounts_settings.json,,Show balances in Chart of Accounts,
P2-business,erpnext/accounts,erpnext/accounts/doctype/accounts_settings/accounts_settings.json,,Show inclusive tax in print,
P2-business,erpnext/accounts,erpnext/accounts/doctype/accounts_settings/accounts_settings.json,,Show Payment Schedule in print,
P2-business,erpnext/accounts,erpnext/accounts/doctype/accounts_settings/accounts_settings.json,,Show taxes as table in print,
P2-business,erpnext/accounts,erpnext/accounts/doctype/accounting_period/accounting_period.py:45,,Start Date cannot be after End Date,
P2-business,erpnext/accounts,erpnext/accounts/doctype/bank_statement_import_log/bank_statement_import_log.json,,Statement Format,
P2-business,erpnext/accounts,erpnext/accounts/report/general_ledger/general_ledger.html:124,,Statement Of Accounts,
P2-business,erpnext/accounts,erpnext/accounts/doctype/bank_account/bank_account.json,,Statement PDF Password,
P2-business,erpnext/accounts,erpnext/accounts/doctype/accounts_settings/accounts_settings.json,,Stock Expense Accounting,
P2-business,erpnext/accounts,erpnext/accounts/doctype/accounts_settings/accounts_settings.json,,Submit Journal entries,
P2-business,erpnext/accounts,erpnext/accounts/doctype/account/account.py:222,,The account type of {0} cannot be changed from {1} because stock ledger entries exist against it.,
P2-business,erpnext/accounts,erpnext/accounts/doctype/bank_statement_import_log/bank_statement_import_log.py:97,,The bank account is disabled. Please enable it,
P2-business,erpnext/accounts,erpnext/accounts/doctype/bank_statement_import_log/bank_statement_import_log.py:91,,The bank account is not a company account. Please select a company account,
P2-business,erpnext/accounts,erpnext/accounts/doctype/repost_accounting_ledger/repost_accounting_ledger.py:130,,The following vouchers are not submitted: {0},
P2-business,erpnext/accounts,erpnext/accounts/doctype/bank_transaction_rule/bank_transaction_rule.py:129,,The last account row must not have any debit or credit amounts set.,
P2-business,erpnext/accounts,erpnext/accounts/doctype/payment_entry/payment_entry.js:1754,,This Payment Entry is reconciled with {0}. Cancelling will automatically unreconcile it. Do you want to proceed?,
P2-business,erpnext/accounts,erpnext/accounts/doctype/bank_statement_import_log/bank_statement_import_log.py:943,,This PDF is password protected. Please set the correct statement password on the Bank Account and try again.,
P2-business,erpnext/accounts,erpnext/accounts/doctype/bank_statement_import_log/bank_statement_import_log.py:1190,,This statement has already been imported.,
P2-business,erpnext/accounts,erpnext/accounts/doctype/accounts_settings/accounts_settings.json,,Timeout (in seconds) for each background job enqueued by Process Period Closing Voucher,
P2-business,erpnext/accounts,erpnext/accounts/doctype/bank_statement_import_log/bank_statement_import_log.json,,Total Credit Transactions,
P2-business,erpnext/accounts,erpnext/accounts/doctype/bank_statement_import_log/bank_statement_import_log.json,,Total Debit Transactions,
P2-business,erpnext/accounts,erpnext/accounts/doctype/bank_statement_import_log/bank_statement_import_log.json,,"Transaction type column has ""C""/""D"" values",
P2-business,erpnext/accounts,erpnext/accounts/doctype/bank_statement_import_log/bank_statement_import_log.json,,"Transaction type column has ""CR""/""DR"" values",
P2-business,erpnext/accounts,erpnext/accounts/doctype/bank_statement_import_log/bank_statement_import_log.json,,"Transaction type column has ""Deposit""/""Withdrawal"" values",
P2-business,erpnext/accounts,erpnext/accounts/report/trial_balance/trial_balance.py:585,,Trial Balance requires {0} to be synced to DuckDB,
P2-business,erpnext/accounts,erpnext/accounts/doctype/bank_reconciliation_tool/bank_reconciliation_tool.js:90,,Try the {0} for a better experience.,
P2-business,erpnext/accounts,erpnext/accounts/doctype/repost_accounting_ledger/repost_accounting_ledger.py:375,,Unable to Repost Accounting Ledger,
P2-business,erpnext/accounts,erpnext/accounts/doctype/accounts_settings/accounts_settings.json,,Unlink Advance Payment on cancellation of order,
P2-business,erpnext/accounts,erpnext/accounts/doctype/accounts_settings/accounts_settings.json,,Unlink Payment on cancellation of invoice,
P2-business,erpnext/accounts,erpnext/accounts/doctype/financial_report_template/financial_report_engine.py:257,,Unsupported Feature,
P2-business,erpnext/accounts,erpnext/accounts/doctype/accounts_settings/accounts_settings.json,,Use legacy Budget Controller,
P2-business,erpnext/accounts,erpnext/accounts/doctype/accounts_settings/accounts_settings.json,,Use legacy controller for Period Closing Voucher,
P2-business,erpnext/accounts,erpnext/accounts/party.py:439,,User don't have permissions to select/read this account.,
P2-business,erpnext/accounts,erpnext/accounts/doctype/accounts_settings/accounts_settings.json,,Users with this role can still submit invoices for customers who have crossed their Overdue Limit.,
P2-business,erpnext/accounts,erpnext/accounts/doctype/pricing_rule/pricing_rule.py:172,,Variant {0} and its template {1} cannot both be added to the same Pricing Rule,
P2-business,erpnext/accounts,erpnext/accounts/doctype/bank_transaction_payments/bank_transaction_payments.json,,Voucher Created,
P2-business,erpnext/accounts,erpnext/accounts/report/general_ledger/general_ledger.html:160,,Voucher Details,
P2-business,erpnext/accounts,erpnext/accounts/doctype/payment_reconciliation/payment_reconciliation.py:168,,You do not have enough permission to access {0}: {1},
P2-business,erpnext/accounts,erpnext/accounts/doctype/bank_statement_import_log/bank_statement_import_log.py:82,,You do not have permission to import and submit bank transactions,
P2-business,erpnext/accounts,erpnext/accounts/doctype/bank_statement_import_log/bank_statement_import_log.py:73,,You do not have permission to import bank transactions,
P2-business,erpnext/accounts,erpnext/accounts/doctype/dunning_type/dunning_type.py:100,,{0} doesn't belong to Company {1}. Please select a Cost Center that belongs to Company {1}.,
P2-business,erpnext/accounts,erpnext/accounts/doctype/dunning_type/dunning_type.py:57,,{0} doesn't belong to Company {1}. Please select an Income Account that belongs to Company {1}.,
P2-business,erpnext/accounts,erpnext/accounts/doctype/dunning_type/dunning_type.py:78,,{0} is a group account. Please select a non-group Income Account.,
P2-business,erpnext/accounts,erpnext/accounts/doctype/dunning_type/dunning_type.py:114,,{0} is a group Cost Center. Please select a non-group Cost Center.,
P2-business,erpnext/accounts,erpnext/accounts/doctype/dunning_type/dunning_type.py:64,,{0} is disabled. Please select a valid Income Account.,
P2-business,erpnext/accounts,erpnext/accounts/doctype/dunning_type/dunning_type.py:107,,{0} is disabled. Please select an enabled Cost Center.,
P2-business,erpnext/accounts,erpnext/accounts/doctype/dunning_type/dunning_type.py:71,,{0} is not an Income Account. Please select a valid Income Account.,
P2-business,erpnext/accounts,erpnext/accounts/doctype/dunning_type/dunning_type.py:144,,{0} languages are marked as default languages. Please select only one of them.,
P2-business,erpnext/accounts,erpnext/accounts/doctype/repost_accounting_ledger/repost_accounting_ledger.py:501,,{0} {1} not allowed to be reposted. You can enable it by adding it '{2}' table in {3}.,
P2-business,erpnext/buying,erpnext/buying/doctype/supplier/supplier.json,,Account / customer numbers assigned to your companies by this supplier (for reconciliation on their statements),
P2-business,erpnext/buying,erpnext/buying/doctype/buying_settings/buying_settings.json,,Action if same rate is not maintained,
P2-business,erpnext/buying,erpnext/buying/doctype/supplier/supplier.json,,Alias,
P2-business,erpnext/buying,erpnext/buying/doctype/buying_settings/buying_settings.json,,Allow Item to be added multiple times in a transaction,
P2-business,erpnext/buying,erpnext/buying/doctype/buying_settings/buying_settings.json,,Allow negative rates for Items,
P2-business,erpnext/buying,erpnext/buying/doctype/supplier/supplier.json,,Allow purchase invoice creation without purchase order,
P2-business,erpnext/buying,erpnext/buying/doctype/supplier/supplier.json,,Allow purchase invoice creation without purchase receipt,
P2-business,erpnext/buying,erpnext/buying/doctype/supplier/supplier.json,,Allowed to transact with,
P2-business,erpnext/buying,erpnext/buying/doctype/buying_settings/buying_settings.json,,Auto create Purchase Receipt,
P2-business,erpnext/buying,erpnext/buying/doctype/buying_settings/buying_settings.json,,Auto create Subcontracting Order,
P2-business,erpnext/buying,erpnext/buying/doctype/buying_settings/buying_settings.json,,Backflush raw materials of subcontract based on,
P2-business,erpnext/buying,erpnext/buying/doctype/buying_settings/buying_settings.json,,Bill for rejected quantity in Purchase Invoice,
P2-business,erpnext/buying,erpnext/buying/doctype/buying_settings/buying_settings.json,,Blanket Orders,
P2-business,erpnext/buying,erpnext/buying/doctype/buying_settings/buying_settings.json,,Configure Series,
P2-business,erpnext/buying,erpnext/buying/doctype/purchase_order/purchase_order.js:359,,Deliver (Dropship),
P2-business,erpnext/buying,erpnext/buying/doctype/purchase_order/purchase_order.py:612,,Delivered Qty cannot be increased by more than {0} for item {1},
P2-business,erpnext/buying,erpnext/buying/doctype/purchase_order/purchase_order.py:605,,Delivered Qty cannot be reduced by more than {0} for item {1},
P2-business,erpnext/buying,erpnext/buying/doctype/supplier/supplier.json,,Determines which tax rules apply to this supplier,
P2-business,erpnext/buying,erpnext/buying/doctype/buying_settings/buying_settings.json,,Disable last purchase rate,
P2-business,erpnext/buying,erpnext/buying/doctype/supplier/supplier.json,,Disabled suppliers are hidden from selection in new transactions but remain in historical records,
P2-business,erpnext/buying,erpnext/buying/doctype/supplier/supplier.json,,Enable to make this supplier selectable as a transporter on Delivery Notes and Stock Entries,
P2-business,erpnext/buying,erpnext/buying/doctype/supplier/supplier.json,,Frozen suppliers block ledger entries until unfrozen. Use this to temporarily lock accounting activity without disabling the supplier.,
P2-business,erpnext/buying,erpnext/buying/doctype/supplier/supplier.json,,General information about your Supplier,
P2-business,erpnext/buying,erpnext/buying/doctype/buying_settings/buying_settings.json,,How often should project be updated of Total Purchase Cost ?,
P2-business,erpnext/buying,erpnext/buying/doctype/supplier/supplier.json,,Internal Supplier Details,
P2-business,erpnext/buying,erpnext/buying/doctype/buying_settings/buying_settings.json,,Is Purchase Order required for Purchase Invoice & Receipt creation?,
P2-business,erpnext/buying,erpnext/buying/doctype/buying_settings/buying_settings.json,,Is Purchase Receipt required for Purchase Invoice creation?,
P2-business,erpnext/buying,erpnext/buying/workspace/buying/buying.json,,Item Wise Consumption,
P2-business,erpnext/buying,erpnext/buying/doctype/purchase_order/purchase_order.py:579,,Item with name {0} not found in the Purchase Order,
P2-business,erpnext/buying,erpnext/buying/doctype/purchase_order/purchase_order.py:598,,Item {0} has no changes in delivered quantity. Please unselect the row if you do not wish to update its quantity.,
P2-business,erpnext/buying,erpnext/buying/doctype/purchase_order/purchase_order.py:584,,Item {0} is not a drop ship item. Only drop ship items can have Delivered Qty updated.,
P2-business,erpnext/buying,erpnext/buying/doctype/buying_settings/buying_settings.json,,Maintain same rate throughout the purchase  cycle,
P2-business,erpnext/buying,erpnext/buying/doctype/buying_settings/buying_settings.json,,Naming Series options,
P2-business,erpnext/buying,erpnext/buying/doctype/buying_settings/buying_settings.json,,Over Order Allowance (%),
P2-business,erpnext/buying,erpnext/buying/doctype/supplier/supplier.json,,Override the default payable / advance accounts on a per-company basis. Leave blank to use each company's defaults from Company settings.,
P2-business,erpnext/buying,erpnext/buying/doctype/supplier/supplier.json,,Per-Company Accounts,
P2-business,erpnext/buying,erpnext/buying/doctype/purchase_order/purchase_order.py:572,,Please select at least one item to update delivered quantity.,
P2-business,erpnext/buying,erpnext/buying/doctype/buying_settings/buying_settings.json,,Prevents the system from automatically using the rate from the last purchase transaction when creating new purchase orders or transactions.,
P2-business,erpnext/buying,erpnext/buying/doctype/supplier/supplier.json,,Primary Address Preview,
P2-business,erpnext/buying,erpnext/buying/doctype/buying_settings/buying_settings.json,,Purchase Invoice Settings,
P2-business,erpnext/buying,erpnext/buying/doctype/purchase_order/purchase_order.js:832,,Quantities updated successfully.,
P2-business,erpnext/buying,erpnext/buying/doctype/purchase_order/purchase_order.js:753,,Set Dropship Items Delivered Quantity,
P2-business,erpnext/buying,erpnext/buying/doctype/buying_settings/buying_settings.json,,Set valuation rate for rejected Materials,
P2-business,erpnext/buying,erpnext/buying/doctype/buying_settings/buying_settings.json,,Show pay button in Purchase Order portal,
P2-business,erpnext/buying,erpnext/buying/doctype/buying_settings/buying_settings.json,,Supplier Defaults,
P2-business,erpnext/buying,erpnext/buying/doctype/supplier/supplier.json,,"Supplier's tax identification number (e.g. PAN, VAT, GST)",
P2-business,erpnext/buying,erpnext/buying/doctype/supplier/supplier.json,,TDS / withholding tax category applied when paying this supplier,
P2-business,erpnext/buying,erpnext/buying/doctype/purchase_order/purchase_order.py:621,,updated delivered quantity for item {0} to {1},
P2-business,erpnext/buying,erpnext/buying/doctype/supplier/supplier.json,,Used for inter-company transactions,
P2-business,erpnext/buying,erpnext/buying/doctype/supplier/supplier.json,,Used to pick the correct rate row inside the Tax Withholding Category for this supplier (e.g. Company vs Individual rates),
P2-business,erpnext/buying,erpnext/buying/doctype/buying_settings/buying_settings.json,,Validate consumed quantity (as per BOM),
P2-business,erpnext/buying,erpnext/buying/doctype/buying_settings/buying_settings.json,,Warn or stop if Item rate is changed in Purchase Invoice or Purchase Receipt generated from a Purchase Order.,
P2-business,erpnext/buying,erpnext/buying/doctype/supplier/supplier.json,,"When enabled, transactions with this supplier will be blocked based on the Hold Type below",
P2-business,erpnext/buying,erpnext/buying/doctype/purchase_order/purchase_order.py:591,,You don't have permission to update Received Qty DocField for item {0},
P2-business,erpnext/buying,erpnext/buying/doctype/buying_settings/buying_settings.json,,Zero-Quantity Line Items,
P2-business,erpnext/controllers,erpnext/controllers/accounts_controller.py:4420,,Company Address is missing. You don't have permission to create an Address. Please contact your System Manager.,
P2-business,erpnext/controllers,erpnext/controllers/stock_controller.py:920,,Expenses Added To Stock for Item {0},
P2-business,erpnext/controllers,erpnext/controllers/item_variant.py:348,,Please select at least one attribute value,
P2-business,erpnext/controllers,erpnext/controllers/buying_controller.py:345,,Please set {0} in Company {1} or in the Item Defaults of Item {2},
P2-business,erpnext/controllers,erpnext/controllers/stock_controller.py:189,,Row #{0}: Item {1} has zero rate but '{2}' is not enabled.,
P2-business,erpnext/controllers,erpnext/controllers/stock_controller.py:1308,,Row #{0}: {1} is mandatory for the Inventory Dimension {2}.,
P2-business,erpnext/controllers,erpnext/controllers/selling_controller.py:909,,Row {0}: Cannot sell item {1} from Sample Retention Warehouse {2},
P2-business,erpnext/controllers,erpnext/controllers/status_updater.py:488,,"To allow over ordering, update ""Over Order Allowance"" in Buying Settings.",
P2-business,erpnext/controllers,erpnext/controllers/accounts_controller.py:4475,,You don't have permission to create a Company Address. Please contact your System Manager.,
P2-business,erpnext/controllers,erpnext/controllers/accounts_controller.py:4455,,You don't have permission to update Company details. Please contact your System Manager.,
P2-business,erpnext/controllers,erpnext/controllers/accounts_controller.py:4449,,You don't have permission to update this document. Please contact your System Manager.,
P2-business,erpnext/crm,erpnext/crm/doctype/appointment_booking_settings/appointment_booking_settings.py:112,,'Verification Link Expiry Duration' must be between 15 to 60 minutes.,
P2-business,erpnext/crm,erpnext/crm/doctype/appointment/appointment.py:70,,A verified appointment cannot be moved back to 'Unverified' status.,
P2-business,erpnext/crm,erpnext/crm/doctype/appointment_booking_settings/appointment_booking_settings.json,,Action for Expired Unverified Appointments,
P2-business,erpnext/crm,erpnext/crm/doctype/appointment_booking_settings/appointment_booking_settings.py:93,,Advance Booking Days is mandatory for Appointment Scheduling.,
P2-business,erpnext/crm,erpnext/crm/doctype/crm_settings/crm_settings.py:59,,Allowed Users is not required as Frappe CRM is already installed on the site.,
P2-business,erpnext/crm,erpnext/crm/doctype/crm_settings/crm_settings.js:17,,Allowed Users is required for data synchronization from remote Frappe CRM site.,
P2-business,erpnext/crm,erpnext/crm/doctype/appointment/appointment.py:74,,An appointment booked through the portal can only be opened via email verification.,
P2-business,erpnext/crm,erpnext/crm/doctype/appointment_booking_settings/appointment_booking_settings.json,,Appointment Booking Portal Settings,
P2-business,erpnext/crm,erpnext/crm/doctype/appointment/appointment.py:86,,Appointment can only be scheduled up to {0} day(s) in advance.,
P2-business,erpnext/crm,erpnext/crm/doctype/appointment/appointment.py:79,,Appointment cannot be scheduled for a past time.,
P2-business,erpnext/crm,erpnext/crm/doctype/appointment/appointment.py:98,,Appointment cannot be scheduled on a holiday.,
P2-business,erpnext/crm,erpnext/crm/doctype/appointment/appointment.py:189,,Appointment Confirmed,
P2-business,erpnext/crm,erpnext/crm/doctype/appointment/appointment.py:116,,Appointment must be scheduled within the available slot timings.,
P2-business,erpnext/crm,erpnext/crm/doctype/appointment_booking_settings/appointment_booking_settings.json,,Appointment Scheduling,
P2-business,erpnext/crm,erpnext/crm/doctype/appointment_booking_settings/appointment_booking_settings.py:101,,Appointment Scheduling needs to be enabled for Appointment Booking through portal.,
P2-business,erpnext/crm,erpnext/crm/doctype/appointment/appointment.py:66,,Appointments created manually cannot have 'Unverified' status.,
P2-business,erpnext/crm,erpnext/crm/doctype/opportunity/opportunity.py:282,,Cannot declare as Lost because an active Quotation exists.,
P2-business,erpnext/crm,erpnext/crm/doctype/crm_settings/crm_settings.py:45,,Cannot enable Opportunity creation from Contact Us because the Contact Us form is disabled.,
P2-business,erpnext/crm,erpnext/crm/doctype/appointment/appointment.json,,Created through Portal,
P2-business,erpnext/crm,erpnext/crm/doctype/appointment_booking_settings/appointment_booking_settings.json,,Delete Permanently,
P2-business,erpnext/crm,erpnext/crm/doctype/appointment/appointment.json,,Email Verified,
P2-business,erpnext/crm,erpnext/crm/doctype/appointment_booking_settings/appointment_booking_settings.json,,Enable Appointment Booking Through Portal,
P2-business,erpnext/crm,erpnext/crm/doctype/crm_settings/crm_settings.json,,Enable Frappe CRM Data Synchronization,
P2-business,erpnext/crm,erpnext/crm/doctype/crm_settings/crm_settings.json,,Enable Opportunity Creation from Contact Us,
P2-business,erpnext/crm,erpnext/crm/doctype/frappe_crm_allowed_user/frappe_crm_allowed_user.json,,Frappe CRM Allowed User,
P2-business,erpnext/crm,erpnext/crm/frappe_crm_api.py:172,,Frappe CRM data synchronization is not enabled on ERPNext. Contact System Manager of ERPNext.,
P2-business,erpnext/crm,erpnext/crm/doctype/appointment_booking_settings/appointment_booking_settings.py:89,,Holiday List - {0} is not valid for current date.,
P2-business,erpnext/crm,erpnext/crm/doctype/appointment_booking_settings/appointment_booking_settings.json,,"In Minutes (min: 15 mins, max: 60 mins)",
P2-business,erpnext/crm,erpnext/crm/doctype/appointment_booking_settings/appointment_booking_settings.json,,Mark as Closed,
P2-business,erpnext/crm,erpnext/crm/doctype/appointment/appointment.py:103,,No availability of slots are found. Please add on Appointment Booking Settings.,
P2-business,erpnext/crm,erpnext/crm/doctype/appointment/appointment.py:95,,Please add a valid Holiday List on Appointment Booking Settings.,
P2-business,erpnext/crm,erpnext/crm/doctype/crm_settings/crm_settings.py:53,,Please add atleast one user on Allowed Users to allow Data Synchronization from Frappe CRM site.,
P2-business,erpnext/crm,erpnext/crm/doctype/appointment_booking_settings/appointment_booking_settings.py:57,,Please fill up the Availability of Slots table to enable Appointment Scheduling.,
P2-business,erpnext/crm,erpnext/crm/doctype/appointment_booking_settings/appointment_booking_settings.py:81,,Please select a Holiday List to enable Appointment Scheduling.,
P2-business,erpnext/crm,erpnext/crm/frappe_crm_api.py:183,,User not allowed to synchronize data from Frappe CRM on ERPNext. Contact System Manager of ERPNext.,
P2-business,erpnext/crm,erpnext/crm/doctype/appointment_booking_settings/appointment_booking_settings.json,,Verification Link Expiry Duration,
P2-business,erpnext/crm,erpnext/crm/doctype/appointment/appointment.json,,Verification Token,
P2-business,erpnext/edi,erpnext/edi/doctype/code_list/code_list_import.py:36,,Importing Code Lists from remote URLs is not allowed.,
P2-business,erpnext/edi,erpnext/edi/doctype/code_list/code_list_import.py:37,,Invalid Upload,
P2-business,erpnext/edi,erpnext/edi/doctype/code_list/code_list_import.py:73,,No file uploaded or URL provided.,
P2-business,erpnext/edi,erpnext/edi/doctype/code_list/code_list_import.py:43,,The uploaded file could not be parsed as a genericode XML document.,
P2-business,erpnext/manufacturing,erpnext/manufacturing/workspace/manufacturing/manufacturing.json,,"<span class=""h4""><b>Your Shortcuts</b></span>",
P2-business,erpnext/manufacturing,erpnext/manufacturing/doctype/work_order/work_order.json,,Additional Costs (as per BOM),
P2-business,erpnext/manufacturing,erpnext/manufacturing/doctype/bom/bom.json,,BOM Configuration,
P2-business,erpnext/manufacturing,erpnext/manufacturing/doctype/bom_creator/bom_creator.py:392,,BOM Creator Item with name {0} does not exist,
P2-business,erpnext/manufacturing,erpnext/manufacturing/doctype/job_card/job_card.py:1521,,Cancelled Job Card cannot be processed.,
P2-business,erpnext/manufacturing,erpnext/manufacturing/doctype/job_card/job_card.py:874,,Cannot submit Job Card {0} while it is On Hold. Please resume and complete the job before submission.,
P2-business,erpnext/manufacturing,erpnext/manufacturing/doctype/bom/bom.json,,Components,
P2-business,erpnext/manufacturing,erpnext/manufacturing/doctype/bom/bom.json,,Consume Components,
P2-business,erpnext/manufacturing,erpnext/manufacturing/doctype/bom/bom.json,,Controls how raw materials are consumed during the ‘Manufacture’ stock entry.,
P2-business,erpnext/manufacturing,erpnext/manufacturing/doctype/bom/bom.json,,Cost Allocation / Process Loss,
P2-business,erpnext/manufacturing,erpnext/manufacturing/doctype/bom/bom.json,,How many units of the final product this BOM makes.,
P2-business,erpnext/manufacturing,erpnext/manufacturing/doctype/production_plan/production_plan.py:1096,,"If you still want to proceed, please disable '{0}' checkbox.",
P2-business,erpnext/manufacturing,erpnext/manufacturing/doctype/workstation/workstation.py:547,,Method {0} is not allowed to be run on a Job Card.,
P2-business,erpnext/manufacturing,erpnext/manufacturing/doctype/bom_creator/bom_creator.js:117,,Non-phantom BOM cannot be created for non-stock item {0}.,
P2-business,erpnext/manufacturing,erpnext/manufacturing/doctype/job_card/job_card.json,,Partially Transferred,
P2-business,erpnext/manufacturing,erpnext/manufacturing/doctype/job_card/job_card.py:1534,,Pending quantity cannot be greater than the for quantity.,
P2-business,erpnext/manufacturing,erpnext/manufacturing/doctype/job_card/job_card.js:70,,Pending Quantity cannot be greater than {0},
P2-business,erpnext/manufacturing,erpnext/manufacturing/doctype/job_card/job_card.js:62,,Pending Quantity cannot be less than 0,
P2-business,erpnext/manufacturing,erpnext/manufacturing/doctype/job_card/job_card.py:1528,,Pending quantity cannot be negative.,
P2-business,erpnext/manufacturing,erpnext/manufacturing/doctype/bom_creator/bom_creator.js:113,,Phantom BOM cannot be created for stock item {0}.,
P2-business,erpnext/manufacturing,erpnext/manufacturing/doctype/work_order/work_order.py:300,,Planned End Date cannot be before Planned Start Date,
P2-business,erpnext/manufacturing,erpnext/manufacturing/doctype/job_card/job_card.js:58,,Please complete the job first before entering Pending Quantity,
P2-business,erpnext/manufacturing,erpnext/manufacturing/doctype/job_card/job_card.py:1531,,Process loss quantity cannot be negative.,
P2-business,erpnext/manufacturing,erpnext/manufacturing/doctype/bom/bom.json,,Quantity (Output Qty),
P2-business,erpnext/manufacturing,erpnext/manufacturing/doctype/bom/bom.py:339,,Row #{0}: Finished Good Item {1} cannot be added in the Secondary Items table.,
P2-business,erpnext/manufacturing,erpnext/manufacturing/doctype/work_order/work_order.js:136,,Secondary Items (as per BOM),
P2-business,erpnext/manufacturing,erpnext/manufacturing/doctype/work_order/work_order.js:135,,Secondary Items (as per Manufacture Entries),
P2-business,erpnext/manufacturing,erpnext/manufacturing/doctype/job_card/job_card.py:1524,,Submitted Job Card cannot be processed.,
P2-business,erpnext/manufacturing,erpnext/manufacturing/doctype/bom/bom.json,,The final item that will be produced using this BOM.,
P2-business,erpnext/manufacturing,erpnext/manufacturing/doctype/bom/bom.json,,Unit Of Measure,
P2-business,erpnext/manufacturing,erpnext/manufacturing/doctype/work_order_additional_item/work_order_additional_item.json,,Work Order Additional Item,
P2-business,erpnext/projects,erpnext/projects/doctype/project/project.py:226,,% Complete must be between 0 and 100,
P2-business,erpnext/projects,erpnext/projects/doctype/project/project.json,,On hold,
P2-business,erpnext/public,erpnext/public/js/setup_wizard.js:27,,A few quick questions so we can set things up the way you work.,
P2-business,erpnext/public,erpnext/public/js/setup_wizard.js:25,,A little about you,
P2-business,erpnext/public,erpnext/public/js/controllers/transaction.js:2965,,Enable <b>{0}</b> on the Item master to proceed with {1} inspection.,
P2-business,erpnext/public,erpnext/public/js/setup_wizard.js:40,,How big is the team?,
P2-business,erpnext/public,erpnext/public/js/setup_wizard.js:95,,Project Management,
P2-business,erpnext/public,erpnext/public/js/controllers/transaction.js:2964,,Quality Inspection Not Configured,
P2-business,erpnext/public,erpnext/public/js/setup_wizard.js:89,,Select the modules that you plan to implement,
P2-business,erpnext/public,erpnext/public/js/utils.js:250,,Total Advance Paid,
P2-business,erpnext/public,erpnext/public/js/utils.js:195,,Total Advance Paid: {0},
P2-business,erpnext/public,erpnext/public/js/utils.js:198,,Total Advance Received: {0},
P2-business,erpnext/public,erpnext/public/js/utils.js:253,,Total Unpaid,
P2-business,erpnext/public,erpnext/public/js/setup_wizard.js:69,,What do you use today?,
P2-business,erpnext/public,erpnext/public/js/setup_wizard.js:47,,What kind of work do you do?,
P2-business,erpnext/public,erpnext/public/js/setup_wizard.js:31,,Who are you setting this up for?,
P2-business,erpnext/regional,erpnext/regional/doctype/south_africa_vat_settings/south_africa_vat_settings.py:33,,Company {0} is not in South Africa.,
P2-business,erpnext/regional,erpnext/regional/report/vat_audit_report/vat_audit_report.py:43,,The company {0} is not in South Africa. VAT Audit Report is only available for companies in South Africa.,
P2-business,erpnext/regional,erpnext/regional/report/uae_vat_201/uae_vat_201.py:21,,The company {0} is not in United Arab Emirates. UAE VAT 201 report is only available for companies in United Arab Emirates.,
P2-business,erpnext/selling,erpnext/selling/doctype/product_bundle/product_bundle.json,,A disabled Product Bundle cannot be selected in transactions.,
P2-business,erpnext/selling,erpnext/selling/doctype/selling_settings/selling_settings.json,,Action if same rate is not maintained throughout sales cycle,
P2-business,erpnext/selling,erpnext/selling/doctype/selling_settings/selling_settings.json,,Advanced Features,
P2-business,erpnext/selling,erpnext/selling/doctype/customer/customer.json,,All invoices and orders for this customer will be created in this currency.,
P2-business,erpnext/selling,erpnext/selling/doctype/selling_settings/selling_settings.json,,Allow delivery of overproduced quantity,
P2-business,erpnext/selling,erpnext/selling/doctype/selling_settings/selling_settings.json,,Allow editing Price List rate in transactions,
P2-business,erpnext/selling,erpnext/selling/doctype/selling_settings/selling_settings.json,,Allow multiple Sales Orders against a customer's Purchase Order,
P2-business,erpnext/selling,erpnext/selling/doctype/selling_settings/selling_settings.json,,Allow Quotation with zero quantity,
P2-business,erpnext/selling,erpnext/selling/doctype/customer/customer.json,,Allow sales invoice creation without delivery note,
P2-business,erpnext/selling,erpnext/selling/doctype/customer/customer.json,,Allow sales invoice creation without sales order,
P2-business,erpnext/selling,erpnext/selling/doctype/selling_settings/selling_settings.json,,Allow Sales Order creation for expired Quotation,
P2-business,erpnext/selling,erpnext/selling/doctype/selling_settings/selling_settings.json,,Allow Sales Order with zero quantity,
P2-business,erpnext/selling,erpnext/selling/doctype/selling_settings/selling_settings.json,,Allow sales transactions with zero quantities if the rate is fixed but the quantities are not. e.g. Rate Contracts,
P2-business,erpnext/selling,erpnext/selling/doctype/selling_settings/selling_settings.json,,Allow same Item to be added multiple times in a transaction,
P2-business,erpnext/selling,erpnext/selling/doctype/customer/customer.json,,"Blocks all further accounting entries on this customer's account. Only users with the frozen-entries role can override.
",
P2-business,erpnext/selling,erpnext/selling/doctype/customer/customer.json,,Blocks this customer from being used on any new transaction.,
P2-business,erpnext/selling,erpnext/selling/doctype/customer_credit_limit/customer_credit_limit.json,,Bypass credit limit check at sales order,
P2-business,erpnext/selling,erpnext/selling/doctype/selling_settings/selling_settings.json,,Calculate Product Bundle price based on child Item's rates,
P2-business,erpnext/selling,erpnext/selling/doctype/customer/customer.json,,"Classify the type of market this customer belongs to, used for sales analysis and targeting.",
P2-business,erpnext/selling,erpnext/selling/doctype/customer/customer.json,,Commission paid to the Sales Partner on transactions with this customer.,
P2-business,erpnext/selling,erpnext/selling/doctype/customer/customer.json,,Controls which tax template is auto-applied when this customer is selected on a transaction.,
P2-business,erpnext/selling,erpnext/selling/doctype/customer/customer.json,,Credit & Overdue Limits,
P2-business,erpnext/selling,erpnext/selling/doctype/customer/customer.json,,Current tier based on accumulated points. Updated automatically on each invoice.,
P2-business,erpnext/selling,erpnext/selling/doctype/customer/customer.json,,"Defines when payment is due (e.g. Net 30, 50% advance). Applied automatically on invoices for this customer.",
P2-business,erpnext/selling,erpnext/selling/doctype/selling_settings/selling_settings.json,,Deliver secondary Items,
P2-business,erpnext/selling,erpnext/selling/doctype/selling_settings/selling_settings.json,,Don't reserve Sales Order qty on sales return,
P2-business,erpnext/selling,erpnext/selling/doctype/selling_settings/selling_settings.json,,Enable cut-off date on creating bulk Delivery Notes,
P2-business,erpnext/selling,erpnext/selling/doctype/selling_settings/selling_settings.json,,Enable discount accounting for selling,
P2-business,erpnext/selling,erpnext/selling/doctype/selling_settings/selling_settings.json,,Enable this to block transactions where the selling price is less than the purchase or valuation rate,
P2-business,erpnext/selling,erpnext/selling/doctype/customer/customer.json,,Fetched automatically on sales orders and invoices for this customer.,
P2-business,erpnext/selling,erpnext/selling/doctype/selling_settings/selling_settings.json,,Hide Customer's Tax ID from sales transactions,
P2-business,erpnext/selling,erpnext/selling/doctype/selling_settings/selling_settings.json,,How often should sales data be updated in Company/Project?,
P2-business,erpnext/selling,erpnext/selling/doctype/selling_settings/selling_settings.json,,"If no Item Price is found for an item in the Price List set in the transaction, prices from the Default Price List will be fetched.",
P2-business,erpnext/selling,erpnext/selling/doctype/customer/customer.json,,"If set, accounting entries for this customer will post to these accounts instead of the company default.",
P2-business,erpnext/selling,erpnext/selling/doctype/customer/customer.json,,Internal notes about this customer. Not visible on transactions or the portal.,
P2-business,erpnext/selling,erpnext/selling/report/sales_analytics/sales_analytics.py:529,,Invalid Document Type {0},
P2-business,erpnext/selling,erpnext/selling/report/sales_analytics/sales_analytics.py:507,,Invalid Tree Type {0},
P2-business,erpnext/selling,erpnext/selling/report/inactive_customers/inactive_customers.py:20,,Invalid value {0} for 'Doctype',
P2-business,erpnext/selling,erpnext/selling/doctype/selling_settings/selling_settings.json,,Is Delivery Note required to create Sales Invoice?,
P2-business,erpnext/selling,erpnext/selling/doctype/selling_settings/selling_settings.json,,Is Sales Order required to create Sales Invoice/Delivery Note?,
P2-business,erpnext/selling,erpnext/selling/doctype/customer/customer.json,,Loyalty scheme this customer earns points under. Auto-assigned if a matching program exists.,
P2-business,erpnext/selling,erpnext/selling/doctype/selling_settings/selling_settings.json,,Maintain same rate throughout sales cycle,
P2-business,erpnext/selling,erpnext/selling/doctype/customer/customer.json,,Mark if this customer represents an internal company. Enables inter-company transactions.,
P2-business,erpnext/selling,erpnext/selling/doctype/customer_credit_limit/customer_credit_limit.json,,New Sales Invoices are blocked when the customer's overdue amount exceeds this. Requires 'Restrict Customer Over Billing' in Accounts Settings.,
P2-business,erpnext/selling,erpnext/selling/doctype/customer/customer.json,,Numbers this customer uses to identify your company in their own system.,
P2-business,erpnext/selling,erpnext/selling/doctype/customer_credit_limit/customer_credit_limit.json,,Overdue Limit,
P2-business,erpnext/selling,erpnext/selling/doctype/customer/customer.py:707,,Overdue Limit Crossed,
P2-business,erpnext/selling,erpnext/selling/doctype/customer/customer.py:702,,Overdue Limit crossed for customer {0}. Overdue amount {1} exceeds the allowed limit {2}.,
P2-business,erpnext/selling,erpnext/selling/report/sales_partner_commission_summary/sales_partner_commission_summary.py:53,,Please select a company.,
P2-business,erpnext/selling,erpnext/selling/doctype/customer/customer.json,,Pre-filled on payment entries for this customer. Must be a company account.,
P2-business,erpnext/selling,erpnext/selling/doctype/selling_settings/selling_settings.json,,Prevents the automatic reservation of stock quantities from sales orders when processing sales returns.,
P2-business,erpnext/selling,erpnext/selling/page/point_of_sale/pos_item_selector.js:118,,Quantity Available,
P2-business,erpnext/selling,erpnext/selling/doctype/sales_order/sales_order.py:1805,,Sales Order {0} is not available for production,
P2-business,erpnext/selling,erpnext/selling/doctype/customer/customer.json,,Select the group first to filter the applicable withholding categories below.,
P2-business,erpnext/selling,erpnext/selling/doctype/selling_settings/selling_settings.json,,Set incoming rate as zero for expired Batch,
P2-business,erpnext/selling,erpnext/selling/doctype/sales_order/sales_order.py:455,,Source warehouse required for stock item {0},
P2-business,erpnext/selling,erpnext/selling/doctype/customer/customer.json,,Split commission credit across multiple sales persons.,
P2-business,erpnext/selling,erpnext/selling/doctype/customer/customer.json,,TDS/TCS is calculated at the rate defined here on every payment from this customer.,
P2-business,erpnext/selling,erpnext/selling/doctype/selling_settings/selling_settings.json,,The frequency at which project progress and company transaction details will be updated. Set it to daily or monthly if you post a lot of transactions.,
P2-business,erpnext/selling,erpnext/selling/doctype/selling_settings/selling_settings.json,,Use prices from Default Price List as fallback,
P2-business,erpnext/selling,erpnext/selling/doctype/customer/customer.json,,"Users listed here can log into the customer portal to view their orders, invoices, and deliveries.",
P2-business,erpnext/selling,erpnext/selling/doctype/selling_settings/selling_settings.json,,Validate selling price for Item against purchase or valuation rate,
P2-business,erpnext/selling,erpnext/selling/doctype/selling_settings/selling_settings.json,,Warn or stop if Item rate is changed in Delivery Notes and Sales Invoices generated from a Sales Order.,
P2-business,erpnext/selling,erpnext/selling/report/sales_person_wise_transaction_summary/sales_person_wise_transaction_summary.py:61,,"{0}, {1} or {2} are the only allowed options.",
P2-business,erpnext/setup,erpnext/setup/doctype/terms_and_conditions/terms_and_conditions.json,,Copy Attachments to Transaction,
P2-business,erpnext/setup,erpnext/setup/doctype/company/company.js:249,,Delete all the Transactions for {0},
P2-business,erpnext/setup,erpnext/setup/workspace/erpnext_settings/erpnext_settings.json,,Deleted Documents,
P2-business,erpnext/setup,erpnext/setup/doctype/company/company.json,,Expenses Added To Stock Account,
P2-business,erpnext/setup,erpnext/setup/doctype/company/company.json,,Expenses Added To Stock Contra Account,
P2-business,erpnext/setup,erpnext/setup/setup_wizard/setup_wizard.py:34,,Failed to personalize your setup,
P2-business,erpnext/setup,erpnext/setup/setup_wizard/setup_wizard.py:33,,Personalizing your setup,
P2-business,erpnext/setup,erpnext/setup/doctype/company/company.js:229,,Please make sure you really want to delete all the transactions for {0}. Your master data will remain as it is. This action cannot be undone.,
P2-business,erpnext/setup,erpnext/setup/doctype/company/company.json,,Stock Expense,
P2-business,erpnext/stock,erpnext/stock/doctype/item/item_prices.html:128,,+ Add Price,
P2-business,erpnext/stock,erpnext/stock/doctype/item/item.json,,A quality inspection must be completed before generating a Delivery Note for this item.,
P2-business,erpnext/stock,erpnext/stock/doctype/item/item.json,,A quality inspection must be completed before generating a Purchase Receipt for this item.,
P2-business,erpnext/stock,erpnext/stock/doctype/material_request/material_request.js:476,,A separate Purchase Order is created for each Supplier.,
P2-business,erpnext/stock,erpnext/stock/doctype/item_default/item_default.json,,"Account to track value added to stock via Stock Entry, Stock Reconciliation or Landed Cost Voucher",
P2-business,erpnext/stock,erpnext/stock/doctype/item_default/item_default.json,,Account where cost of goods sold will be posted when this item is sold,
P2-business,erpnext/stock,erpnext/stock/doctype/item_default/item_default.json,,Account where revenue from selling this item will be credited,
P2-business,erpnext/stock,erpnext/stock/doctype/item_default/item_default.json,,Account where the cost of this item will be debited on purchase,
P2-business,erpnext/stock,erpnext/stock/doctype/stock_settings/stock_settings.json,,Action if Quality Inspection is not submitted,
P2-business,erpnext/stock,erpnext/stock/doctype/stock_settings/stock_settings.json,,Action if Quality Inspection is rejected,
P2-business,erpnext/stock,erpnext/stock/doctype/item/item.js:408,,Activate Serial / Batch No for Item,
P2-business,erpnext/stock,erpnext/stock/doctype/stock_settings/stock_settings.js:79,,"After save, please refresh the page to apply the changes.",
P2-business,erpnext/stock,erpnext/stock/doctype/item/item_prices.html:72,,All active prices for this item across buying and selling price lists.,
P2-business,erpnext/stock,erpnext/stock/doctype/pick_list/pick_list.py:1608,,All picked items have already been transferred against this Pick List,
P2-business,erpnext/stock,erpnext/stock/doctype/stock_settings/stock_settings.json,,Allow internal transfers at user-defined rate,
P2-business,erpnext/stock,erpnext/stock/doctype/stock_settings/stock_settings.json,,Allow negative stock,
P2-business,erpnext/stock,erpnext/stock/doctype/stock_settings/stock_settings.json,,Allow negative stock for Batch,
P2-business,erpnext/stock,erpnext/stock/doctype/stock_settings/stock_settings.json,,Allow partial reservation,
P2-business,erpnext/stock,erpnext/stock/doctype/item/item.json,,"Allow stock to go below zero for this item, even if negative stock is disabled in Stock Settings.",
P2-business,erpnext/stock,erpnext/stock/doctype/item/item.json,,Allow substituting this item with an alternative from the Item Alternative list when stock is unavailable.,
P2-business,erpnext/stock,erpnext/stock/doctype/item/item.json,,Allow this item to be used in purchase transactions.,
P2-business,erpnext/stock,erpnext/stock/doctype/item/item.json,,Allow this item to be used in sales transactions.,
P2-business,erpnext/stock,erpnext/stock/doctype/stock_settings/stock_settings.json,,Allow to edit stock UOM qty for Purchase documents,
P2-business,erpnext/stock,erpnext/stock/doctype/stock_settings/stock_settings.json,,Allow to edit stock UOM qty for Sales documents,
P2-business,erpnext/stock,erpnext/stock/doctype/stock_settings/stock_settings.json,,Allow to edit stock UOM qty for Stock Entry,
P2-business,erpnext/stock,erpnext/stock/doctype/stock_settings/stock_settings.json,,Allow to make Quality Inspection after Purchase / Delivery,
P2-business,erpnext/stock,erpnext/stock/doctype/stock_settings/stock_settings.json,,Allow UOM with conversion rate defined in Item,
P2-business,erpnext/stock,erpnext/stock/report/stock_balance/stock_balance.py:640,,Alt UOM,
P2-business,erpnext/stock,erpnext/stock/report/item_where_used/item_where_used.py:425,,Alternative For Item,
P2-business,erpnext/stock,erpnext/stock/doctype/stock_settings/stock_settings.json,,An email will be sent to notify the User with the role 'Purchase Manager' when an automatic Material Request is created.,
P2-business,erpnext/stock,erpnext/stock/doctype/item/item.py:884,,Attribute Value {0} is not valid for the selected attribute {1}.,
P2-business,erpnext/stock,erpnext/stock/doctype/item/item.py:873,,Attribute {0} is disabled.,
P2-business,erpnext/stock,erpnext/stock/doctype/item/item.py:861,,Attribute {0} is not valid for the selected template.,
P2-business,erpnext/stock,erpnext/stock/doctype/item/item.json,,Auto create assets on purchase,
P2-business,erpnext/stock,erpnext/stock/doctype/stock_settings/stock_settings.json,,Auto create Serial and Batch Bundle for outward,
P2-business,erpnext/stock,erpnext/stock/doctype/stock_settings/stock_settings.json,,Auto insert Item Price if missing,
P2-business,erpnext/stock,erpnext/stock/doctype/stock_reposting_settings/stock_reposting_settings.json,,Auto Repost Incorrect Valuation Entries (Weekly),
P2-business,erpnext/stock,erpnext/stock/doctype/stock_reposting_settings/stock_reposting_settings.json,,Auto Reposting of Incorrect Valuation,
P2-business,erpnext/stock,erpnext/stock/doctype/stock_settings/stock_settings.json,,Auto reserve Serial and Batch Nos,
P2-business,erpnext/stock,erpnext/stock/doctype/stock_settings/stock_settings.json,,Auto reserve stock,
P2-business,erpnext/stock,erpnext/stock/doctype/stock_settings/stock_settings.json,,Auto reserve Stock for Sales Order on Purchase,
P2-business,erpnext/stock,erpnext/stock/report/stock_balance/stock_balance.py:631,,Balance Qty (Alt UOM),
P2-business,erpnext/stock,erpnext/stock/doctype/stock_settings/stock_settings.json,,Batch Item settings,
P2-business,erpnext/stock,erpnext/stock/doctype/item/item.json,,Batch number will be auto-created in format AAAA.00001 if not specified in transactions. Leave blank to always enter batch numbers manually.,
P2-business,erpnext/stock,erpnext/stock/doctype/item/item.json,,Batch number will be created based on expiry date. Expiry dates can be set in the Batch master.,
P2-business,erpnext/stock,erpnext/stock/doctype/bin/bin.js:16,,Bin Values Recalculated,
P2-business,erpnext/stock,erpnext/stock/report/item_where_used/item_where_used.py:174,,BOM Component,
P2-business,erpnext/stock,erpnext/stock/report/item_where_used/item_where_used.py:244,,BOM Output,
P2-business,erpnext/stock,erpnext/stock/doctype/item/item_prices.html:96,,Buy & Sell,
P2-business,erpnext/stock,erpnext/stock/doctype/stock_settings/stock_settings.json,,Convert Item description to clean HTML in transactions,
P2-business,erpnext/stock,erpnext/stock/doctype/item_default/item_default.json,,Cost center used for tracking purchase expenses for this item,
P2-business,erpnext/stock,erpnext/stock/doctype/item_default/item_default.json,,Cost center used for tracking sales revenue for this item,
P2-business,erpnext/stock,erpnext/stock/doctype/item/item.json,,Creates a single grouped asset instead of individual assets when purchased in bulk.,
P2-business,erpnext/stock,erpnext/stock/doctype/item/item.json,,Creates an Item Price automatically when the item is saved,
P2-business,erpnext/stock,erpnext/stock/doctype/item_default/item_default.json,,Default price list for buying or selling this item,
P2-business,erpnext/stock,erpnext/stock/doctype/stock_settings/stock_settings.json,,Disable Serial No and Batch selector,
P2-business,erpnext/stock,erpnext/stock/doctype/item/item.json,,Disabled items cannot be selected in any transaction.,
P2-business,erpnext/stock,erpnext/stock/doctype/stock_settings/stock_settings.json,,Display & Data Formatting,
P2-business,erpnext/stock,erpnext/stock/doctype/stock_reposting_settings/stock_reposting_settings.json,,Do not fetch incoming rate from Serial No,
P2-business,erpnext/stock,erpnext/stock/doctype/stock_settings/stock_settings.json,,Do not update Serial / Batch on creation of auto bundle,
P2-business,erpnext/stock,erpnext/stock/doctype/stock_settings/stock_settings.json,,Do not use Batch-wise Valuation,
P2-business,erpnext/stock,erpnext/stock/doctype/item/item.json,,Enable for raw material items used in BOM. Uncheck for additional services like 'washing' used in manufacturing.,
P2-business,erpnext/stock,erpnext/stock/doctype/item/item.json,,Enable if a vendor manufactures this item for you. You can choose to provide them raw materials using the default BOM.,
P2-business,erpnext/stock,erpnext/stock/doctype/item/item.json,,Enable if this item is a company asset like machinery or furniture.,
P2-business,erpnext/stock,erpnext/stock/doctype/item/item.json,,Enable if this item is provided by a customer and received via Stock Entry.,
P2-business,erpnext/stock,erpnext/stock/report/stock_ledger/stock_ledger.js:122,,Enable Serial / Batch Bundle,
P2-business,erpnext/stock,erpnext/stock/doctype/stock_settings/stock_settings.json,,Enable stock reservation,
P2-business,erpnext/stock,erpnext/stock/doctype/item_customer_detail/item_customer_detail.json,,Enter the Item Code that this customer uses at their end. This will be shown in Sales Orders for the customer's reference.,
P2-business,erpnext/stock,erpnext/stock/doctype/item/item.json,,ERPNext will make a stock ledger entry for each transaction of this item. Keep unchecked for non-stock or service items.,
P2-business,erpnext/stock,erpnext/stock/doctype/stock_entry/stock_entry.py:1339,,Excess Material Transfer,
P2-business,erpnext/stock,erpnext/stock/doctype/item/item.json,,Expense for this item will be recognized over a period of months. Eg: prepaid insurance or annual software license,
P2-business,erpnext/stock,erpnext/stock/doctype/stock_reposting_settings/stock_reposting_settings.json,,"For legacy serial nos, do not fetch incoming rate from serial no and calculate it based on the inward transaction",
P2-business,erpnext/stock,erpnext/stock/doctype/stock_settings/stock_settings.json,,Freeze stocks older than (days),
P2-business,erpnext/stock,erpnext/stock/doctype/stock_settings/stock_settings.json,,Have default Naming Series for Batch ID?,
P2-business,erpnext/stock,erpnext/stock/doctype/item/item.json,,"If enabled, sales from this item will be included in Sales Person and Sales Partner commission calculations",
P2-business,erpnext/stock,erpnext/stock/doctype/stock_settings/stock_settings.json,,"If enabled, users must enter Serial No. / Batch data manually instead of using the selector dialog.",
P2-business,erpnext/stock,erpnext/stock/doctype/item/item.json,,Income from this item will be recognized over a period of months instead of all at once. Eg: annual subscription paid upfront.,
P2-business,erpnext/stock,erpnext/stock/doctype/stock_reposting_settings/stock_reposting_settings.py:301,,Incorrect Stock Asset Account in {0},
P2-business,erpnext/stock,erpnext/stock/doctype/stock_settings/stock_settings.json,,Internal Transfer Rules,
P2-business,erpnext/stock,erpnext/stock/doctype/item/item.js:904,,Invalid Attribute Values,
P2-business,erpnext/stock,erpnext/stock/doctype/stock_entry/stock_entry.py:1099,,Invalid Disassembly Item,
P2-business,erpnext/stock,erpnext/stock/doctype/stock_entry/stock_entry.py:1065,,Invalid Disassembly Quantity,
P2-business,erpnext/stock,erpnext/stock/doctype/item/item.json,,Item Attributes,
P2-business,erpnext/stock,erpnext/stock/get_item_details.py:1143,,Item Price added for {0} in Price List - {1},
P2-business,erpnext/stock,erpnext/stock/doctype/item/item.py:185,,Item Price created at rate {0},
P2-business,erpnext/stock,erpnext/stock/doctype/material_request/material_request.py:239,,Item rates have been updated based on the selected Buying Price List {0},
P2-business,erpnext/stock,erpnext/stock/report/item_where_used/item_where_used.json,,Item Where Used,
P2-business,erpnext/stock,erpnext/stock/doctype/material_request/material_request.py:694,,Item {0} cannot be ordered more than once,
P2-business,erpnext/stock,erpnext/stock/doctype/item/item.py:853,,Item {0} is not a template item.,
P2-business,erpnext/stock,erpnext/stock/doctype/inventory_dimension/inventory_dimension.json,,Mandatory Depends On (Backend),
P2-business,erpnext/stock,erpnext/stock/doctype/item/item.json,,"Maximum discount % allowed when selling this item. Eg: if set to 20%, a discount greater than 20% cannot be applied in sales transactions.",
P2-business,erpnext/stock,erpnext/stock/doctype/item/item.json,,"Minimum quantity should be as per Stock UOM

",
P2-business,erpnext/stock,erpnext/stock/doctype/stock_settings/stock_settings.json,,Negative Stock,
P2-business,erpnext/stock,erpnext/stock/doctype/stock_reposting_settings/stock_reposting_settings.py:296,,No account set,
P2-business,erpnext/stock,erpnext/stock/doctype/item/item_prices.html:135,,No active item prices found.,
P2-business,erpnext/stock,erpnext/stock/doctype/batch/batch.js:77,,No stock available for this batch.,
P2-business,erpnext/stock,erpnext/stock/doctype/stock_settings/stock_settings.json,,Notify by email on creation of automatic Material Request,
P2-business,erpnext/stock,erpnext/stock/doctype/repost_item_valuation/repost_item_valuation.json,,"Only works for Purchase Receipt, Purchase Invoice and Stock Entry",
P2-business,erpnext/stock,erpnext/stock/doctype/item/item.json,,"Percentage by which over-billing is allowed against a Sales/Purchase Order for this item. If not set, value from Accounts Settings will be used.",
P2-business,erpnext/stock,erpnext/stock/doctype/serial_and_batch_bundle/serial_and_batch_bundle.py:150,,Please check the 'Activate Serial and Batch No for Item' checkbox in the {0} to make Serial and Batch Bundle for the item.,
P2-business,erpnext/stock,erpnext/stock/doctype/item/item.json,,Prices HTML,
P2-business,erpnext/stock,erpnext/stock/report/item_where_used/item_where_used.py:274,,Product Bundle Component,
P2-business,erpnext/stock,erpnext/stock/report/item_where_used/item_where_used.py:303,,Product Bundle Parent,
P2-business,erpnext/stock,erpnext/stock/doctype/item_default/item_default.json,,Provisional liability account used for service items before invoice is received,
P2-business,erpnext/stock,erpnext/stock/doctype/material_request/material_request.py:704,,Quantity for Item {0} must be greater than zero and cannot exceed {1},
P2-business,erpnext/stock,erpnext/stock/doctype/material_request/material_request.js:564,<b>${pending_qty}</b>,Quantity for Item {0} must be greater than zero and cannot exceed {1},
P2-business,erpnext/stock,erpnext/stock/doctype/stock_settings/stock_settings.json,,Quantity Tolerance,
P2-business,erpnext/stock,erpnext/stock/doctype/stock_settings/stock_settings.json,,Raise Material Request when stock reaches re-order level,
P2-business,erpnext/stock,erpnext/stock/doctype/repost_item_valuation/repost_item_valuation.json,,Recalculate Valuation Rate,
P2-business,erpnext/stock,erpnext/stock/doctype/bin/bin.js:10,,Recalculate Values,
P2-business,erpnext/stock,erpnext/stock/report/item_where_used/item_where_used.py:50,,Related Item,
P2-business,erpnext/stock,erpnext/stock/doctype/stock_settings/stock_settings.json,,Role allowed to create/edit back-dated transactions,
P2-business,erpnext/stock,erpnext/stock/doctype/stock_settings/stock_settings.json,,Role allowed to edit frozen stock,
P2-business,erpnext/stock,erpnext/stock/doctype/stock_entry/stock_entry.py:1329,,Row #{0}: Cannot transfer {1} {2} of Item {3}. Maximum transferable quantity is {4} {2}.,
P2-business,erpnext/stock,erpnext/stock/doctype/stock_entry/stock_entry.py:1095,,Row #{0}: Item {1} is not part of the source manufacture entry and cannot be added to this disassembly.,
P2-business,erpnext/stock,erpnext/stock/doctype/item/item_list.js:28,,Sales & Purchase,
P2-business,erpnext/stock,erpnext/stock/doctype/item/item.js:804,,Search values...,
P2-business,erpnext/stock,erpnext/stock/doctype/material_request/material_request.js:552,,Select a Supplier for Item {0},
P2-business,erpnext/stock,erpnext/stock/doctype/item/item.js:944,,Select at least one attribute value.,
P2-business,erpnext/stock,erpnext/stock/doctype/material_request/material_request.js:539,,Select at least one Item,
P2-business,erpnext/stock,erpnext/stock/doctype/material_request/material_request.js:448,,Select Supplier for Items,
P2-business,erpnext/stock,erpnext/stock/doctype/item/item.py:1122,,Serial and Batch Bundle Exists,
P2-business,erpnext/stock,erpnext/stock/doctype/serial_and_batch_bundle/serial_and_batch_bundle.py:2323,,Serial and Batch Bundle {0} is submitted and its entries cannot be modified.,
P2-business,erpnext/stock,erpnext/stock/doctype/stock_settings/stock_settings.json,,Serial Item settings,
P2-business,erpnext/stock,erpnext/stock/doctype/item/item.json,,Serial Nos / Batches,
P2-business,erpnext/stock,erpnext/stock/doctype/material_request/material_request.js:455,,Set Supplier for All Items,
P2-business,erpnext/stock,erpnext/stock/report/stock_balance/stock_balance.js:115,,Show Alternate UOM Balance,
P2-business,erpnext/stock,erpnext/stock/doctype/stock_settings/stock_settings.json,,Show barcode field in stock transactions,
P2-business,erpnext/stock,erpnext/stock/doctype/repost_item_valuation/repost_item_valuation.py:113,,"Since {0} has 'Update Stock' disabled, you cannot create repost item valuation against it",
P2-business,erpnext/stock,erpnext/stock/doctype/stock_entry/stock_entry.py:1024,,"Source Stock Entry {0} belongs to Work Order {1}, not {2}. Please use a manufacture entry from the same Work Order.",
P2-business,erpnext/stock,erpnext/stock/doctype/item_default/item_default.json,,Stock account where inventory value for this item will be tracked,
P2-business,erpnext/stock,erpnext/stock/doctype/stock_reposting_settings/stock_reposting_settings.py:303,,Stock and accounting values could not be reconciled by reposting for {0}.,
P2-business,erpnext/stock,erpnext/stock/doctype/stock_settings/stock_settings.json,,Stock frozen up to,
P2-business,erpnext/stock,erpnext/stock/doctype/item/item.json,,Stock Levels HTML,
P2-business,erpnext/stock,erpnext/stock/doctype/stock_reservation_entry/stock_reservation_entry.py:1240,,Stock not available to reserve for the Item {0} in Warehouse {1}.,
P2-business,erpnext/stock,erpnext/stock/report/item_where_used/item_where_used.py:360,,Subcontracting Finished Good,
P2-business,erpnext/stock,erpnext/stock/report/item_where_used/item_where_used.py:334,,Subcontracting Service Item,
P2-business,erpnext/stock,erpnext/stock/doctype/item/item.json,,The rate at which this item was last purchased via a Purchase Invoice. Auto-updated by the system.,
P2-business,erpnext/stock,erpnext/stock/doctype/stock_reposting_settings/stock_reposting_settings.py:307,,The warehouse account(s) below are not of type 'Stock'. Please set a correct Stock asset account on the warehouse (Account Type must be 'Stock'):,
P2-business,erpnext/stock,erpnext/stock/doctype/stock_settings/stock_settings.json,,This can be enabled at specific Item level as well,
P2-business,erpnext/stock,erpnext/stock/doctype/item_default/item_default.json,,This supplier will be auto-selected in new purchase transactions,
P2-business,erpnext/stock,erpnext/stock/doctype/stock_settings/stock_settings.json,,This will be applied if no naming series is configured in Item master,
P2-business,erpnext/stock,erpnext/stock/doctype/item/item.json,,Track each unit with a unique serial number for warranty and return tracking. Cannot be changed after a stock transaction exists.,
P2-business,erpnext/stock,erpnext/stock/doctype/item/item.json,,Track this item in batches. Cannot be changed after a stock transaction exists.,
P2-business,erpnext/stock,erpnext/stock/doctype/pick_list_item/pick_list_item.json,,Transferred Qty (in Stock UOM),
P2-business,erpnext/stock,erpnext/stock/doctype/item/item.json,,UOM Conversion Details,
P2-business,erpnext/stock,erpnext/stock/doctype/stock_settings/stock_settings.json,,UOM Defaults,
P2-business,erpnext/stock,erpnext/stock/doctype/stock_settings/stock_settings.json,,Update existing Price List Rate,
P2-business,erpnext/stock,erpnext/stock/doctype/stock_settings/stock_settings.json,,Update Price List based on,
P2-business,erpnext/stock,erpnext/stock/doctype/stock_settings/stock_settings.json,,Use Serial / Batch fields,
P2-business,erpnext/stock,erpnext/stock/doctype/item_default/item_default.json,,Used to balance the books when recording expenses added to stock,
P2-business,erpnext/stock,erpnext/stock/doctype/item/item_prices.html:86,,Valid Upto,
P2-business,erpnext/stock,erpnext/stock/doctype/stock_settings/stock_settings.json,,Validate Material Transfer warehouses,
P2-business,erpnext/stock,erpnext/stock/doctype/item/item_prices.html:123,,View All Prices,
P2-business,erpnext/stock,erpnext/stock/doctype/stock_settings/stock_settings.json,,Warehouse Defaults,
P2-business,erpnext/stock,erpnext/stock/doctype/warehouse/warehouse.py:122,,Warning: Account changed for warehouse,
P2-business,erpnext/stock,erpnext/stock/utils.py:133,,{0} is not a valid {1} fieldname.,
P2-business,erpnext/stock,erpnext/stock/doctype/material_request/material_request.py:732,,{0} was set to today for items whose requested date has passed,
P2-business,erpnext/stock,erpnext/stock/doctype/item/item.js:890,,{0}: remove invalid value(s) {1},
P2-business,erpnext/stock,erpnext/stock/doctype/item/item.js:897,,{0}: select the typed value {1} from the list or clear it,
P2-business,erpnext/subcontracting,erpnext/subcontracting/doctype/subcontracting_order/subcontracting_order.js:604,,Creating Return of Components ...,
P2-business,erpnext/templates,erpnext/templates/emails/appointment_confirmed.html:6,,This email was sent from {0},
P2-business,erpnext/templates,erpnext/templates/emails/confirm_appointment.html:4,,This link is valid for {0} minutes,
P2-business,erpnext/templates,erpnext/templates/emails/appointment_confirmed.html:3,,We look forward to meeting you,
P2-business,erpnext/templates,erpnext/templates/emails/appointment_confirmed.html:2,,Your email has been verified and your appointment has been confirmed for {0},
P2-business,erpnext/www,erpnext/www/book_appointment/verify/index.py:28,,Appointment has been closed. Please book the appointment again.,
P2-business,erpnext/www,erpnext/www/book_appointment/verify/index.py:33,,Appointment is already verified.,
P2-business,erpnext/www,erpnext/www/book_appointment/verify/index.py:18,,This verification link is invalid. Please book the appointment again.,
P2-business,erpnext/www,erpnext/www/book_appointment/verify/index.py:38,,Verification link has expired.,
P2-business,hrms/api,hrms/api/roster.py:31,,Invalid employee filter: {0},
P2-business,hrms/api,hrms/api/roster.py:40,,Invalid shift filter: {0},
P2-business,hrms/api,hrms/api/__init__.py:751,,"You can only upload JPG, PNG, PDF, TXT or Microsoft documents.",
P2-business,hrms/controllers,hrms/controllers/employee_reminders.py:218,,"Everyone, let’s congratulate them on their work anniversary!",
P2-business,hrms/controllers,hrms/controllers/employee_reminders.py:125,,"Everyone, let’s congratulate {0} on their birthday.",
P2-business,hrms/desktop_icon,hrms/desktop_icon/hr_setup.json,,HR Setup,
P2-business,hrms/desktop_icon,hrms/desktop_icon/tax_&_benefits.json,,Tax & Benefits,
P2-business,hrms/hr,hrms/hr/doctype/hr_settings/hr_settings.json,, Unlink Payment on Cancellation of Employee Advance,
P2-business,hrms/hr,hrms/hr/report/employee_leave_balance/employee_leave_balance.py:23,,"""From Date"" can not be greater than or equal to ""To Date""",
P2-business,hrms/hr,hrms/hr/doctype/leave_allocation/leave_allocation.py:280,,<b>Total Leaves Allocated</b> are more than the number of days in the allocation period,
P2-business,hrms/hr,hrms/hr/doctype/employee_attendance_tool/employee_attendance_tool.json,,<h5>Employees on Half Day</h5>,
P2-business,hrms/hr,hrms/hr/doctype/employee_attendance_tool/employee_attendance_tool.json,,<hr>,
P2-business,hrms/hr,hrms/hr/doctype/job_requisition/job_requisition.js:101,,A Job Requisition already exists for {0} requested by {1} for the same department.<br> Do you want to continue?,
P2-business,hrms/hr,hrms/hr/workspace/expenses/expenses.json,,Accounting Reports,
P2-business,hrms/hr,hrms/hr/doctype/leave_type/leave_type.json,,Allow Leave Application After (Calendar Days),
P2-business,hrms/hr,hrms/hr/doctype/appraisal/appraisal.json,,"Any other remarks, noteworthy effort that should go in the records",
P2-business,hrms/hr,hrms/hr/workspace/leaves/leaves.json,,Application,
P2-business,hrms/hr,hrms/hr/doctype/job_opening/job_opening.json,,Application Web Form Route,
P2-business,hrms/hr,hrms/hr/doctype/full_and_final_statement/full_and_final_statement.json,,"Automatically fetches all assets allocated to the employee, if any",
P2-business,hrms/hr,hrms/hr/doctype/appraisal/appraisal.json,,"Average of Goal Score, Feedback Score, and Self Appraisal Score",
P2-business,hrms/hr,hrms/hr/doctype/attendance_request/attendance_request.py:171,,Changed the Status for Other Half from {0} to {1} via Attendance Request as the status is Half Day,
P2-business,hrms/hr,hrms/hr/doctype/goal/goal.js:112,,"Changing KRA in this parent goal will align all the child goals to the same KRA, if any.",
P2-business,hrms/hr,hrms/hr/web_form/job_application/job_application.json,,Country of Residence,
P2-business,hrms/hr,hrms/hr/doctype/job_applicant/job_applicant.js:84,,Create Job Offer,
P2-business,hrms/hr,hrms/hr/workspace/recruitment/recruitment.json,,Department Wise Openings,
P2-business,hrms/hr,hrms/hr/doctype/travel_request/travel_request.json,,"Details of Sponsor (Name, Location)",
P2-business,hrms/hr,hrms/hr/doctype/hr_settings/hr_settings.js:27,,"Employee can be named by Employee ID if you assign one, or via Naming Series. Select your preference here.",
P2-business,hrms/hr,hrms/hr/workspace/leaves/leaves.json,,Employees on leave this month,
P2-business,hrms/hr,hrms/hr/workspace/leaves/leaves.json,,Employees on leave today,
P2-business,hrms/hr,hrms/hr/doctype/hr_settings/hr_settings.py:81,,Employees will miss holiday reminders from {} until {}. <br> Do you want to proceed with this change?,
P2-business,hrms/hr,hrms/hr/workspace/hr_setup/hr_setup.json,,Employees Working on a Holiday,
P2-business,hrms/hr,hrms/hr/doctype/overtime_type/overtime_type.json,,"Enable this to use a specific multiplier for public holidays. If unchecked, the standard multiplier will be used instead.",
P2-business,hrms/hr,hrms/hr/doctype/overtime_type/overtime_type.json,,"Enable this to use a specific multiplier for weekends. If unchecked, the standard multiplier will be used instead.",
P2-business,hrms/hr,hrms/hr/doctype/job_applicant/job_applicant.js:123,,Enter Interview Type,
P2-business,hrms/hr,hrms/hr/workspace/tenure/tenure.json,,Exits (This Month),
P2-business,hrms/hr,hrms/hr/web_form/job_application/job_application.json,,Expected Salary Range per month,
P2-business,hrms/hr,hrms/hr/workspace/expenses/expenses.json,,Fleet Management,
P2-business,hrms/hr,hrms/hr/doctype/leave_type/leave_type.json,,"For a day of leave taken, if you still pay (say) 50% of the daily salary, then enter 0.50 in this field.",
P2-business,hrms/hr,hrms/hr/doctype/leave_type/leave_type.js:54,,"From here, you can enable encashment for the balance leaves.",
P2-business,hrms/hr,hrms/hr/workspace/tenure/tenure.json,,Grievance,
P2-business,hrms/hr,hrms/hr/workspace/leaves/leaves.json,,Holidays in this month,
P2-business,hrms/hr,hrms/hr/doctype/shift_type/shift_type.json,,"If enabled, auto attendance will be marked on holidays if Employee Checkins exist",
P2-business,hrms/hr,hrms/hr/doctype/job_opening/job_opening.json,,"If enabled, the total no. of applications received for this opening will be displayed on the website",
P2-business,hrms/hr,hrms/hr/doctype/leave_block_list/leave_block_list.json,,"If not checked, the list will have to be added to each Department where it has to be applied.",
P2-business,hrms/hr,hrms/hr/doctype/job_opening/job_opening.json,,"If set, the job opening will be closed automatically after this date",
P2-business,hrms/hr,hrms/hr/doctype/interview_type/interview_type.json,,Interview Type Name,
P2-business,hrms/hr,hrms/hr/doctype/job_applicant/job_applicant.py:96,,Interview Type {0} is only applicable for the Designation {1},
P2-business,hrms/hr,hrms/hr/doctype/interview/interview.py:79,,Interview Type {0} is only for Designation {1}. Job Applicant has applied for the role {2},
P2-business,hrms/hr,hrms/hr/workspace/recruitment/recruitment.json,,Interviews,
P2-business,hrms/hr,hrms/hr/workspace/recruitment/recruitment.json,,Interviews (This Week),
P2-business,hrms/hr,hrms/hr/doctype/interview/interview.py:66,,Job Applicants are not allowed to appear twice for the same Interview Type. Interview {0} already scheduled for Job Applicant {1},
P2-business,hrms/hr,hrms/hr/doctype/job_opening/job_opening.json,,"Job profile, qualifications required etc.",
P2-business,hrms/hr,hrms/hr/workspace/recruitment/recruitment.json,,Jobs,
P2-business,hrms/hr,hrms/hr/doctype/leave_policy_assignment/leave_policy_assignment.py:130,,"Leave allocation is skipped for {0}, because number of leaves to be allocated is 0.",
P2-business,hrms/hr,hrms/hr/doctype/leave_allocation/leave_allocation.py:225,,"Leave cannot be allocated before {0}, as leave balance has already been carry-forwarded in the future leave allocation record {1}",
P2-business,hrms/hr,hrms/hr/doctype/leave_application/leave_application.py:255,,"Leave cannot be applied/cancelled before {0}, as leave balance has already been carry-forwarded in the future leave allocation record {1}",
P2-business,hrms/hr,hrms/hr/doctype/leave_ledger_entry/leave_ledger_entry.py:19,,"Leave Ledger Entry's To date needs to be after From date. Currently, From Date is {0} and To Date is {1}",
P2-business,hrms/hr,hrms/hr/report/employee_leave_balance/employee_leave_balance.js:47,Employee,Left,
P2-business,hrms/hr,hrms/hr/doctype/leave_type/leave_type.json,,Minimum calendar days required since Date of Joining to apply for this leave,
P2-business,hrms/hr,hrms/hr/doctype/overtime_type/overtime_type.json,,"Multipliers that adjust the hourly overtime amount for specific scenarios

",
P2-business,hrms/hr,hrms/hr/workspace/tenure/tenure.json,,New Hires (This Month),
P2-business,hrms/hr,hrms/hr/doctype/travel_itinerary/travel_itinerary.json,,Non-Vegetarian,
P2-business,hrms/hr,hrms/hr/doctype/employee_checkin/employee_checkin_list.js:5,,Off-Shift,
P2-business,hrms/hr,hrms/hr/doctype/employee_checkin/employee_checkin.json,,Off-shift,
P2-business,hrms/hr,hrms/hr/doctype/job_applicant/job_applicant.json,,Open Resume in New Tab,
P2-business,hrms/hr,hrms/hr/doctype/travel_request/travel_request.json,,"Partially Sponsored, Require Partial Funding",
P2-business,hrms/hr,hrms/hr/doctype/job_opening/job_opening.json,,Pay Details,
P2-business,hrms/hr,hrms/hr/doctype/overtime_slip/overtime_slip.js:11,,"Please fill in Employee, Posting Date, and Company before fetching overtime details.",
P2-business,hrms/hr,hrms/hr/doctype/shift_assignment_tool/shift_assignment_tool.js:289,,Process {0} Shift Request(s) as <b>{1}</b>?,
P2-business,hrms/hr,hrms/hr/doctype/leave_application/leave_application.py:371,,"Salary already processed for period between {0} and {1}, Leave application period cannot be between this date range.",
P2-business,hrms/hr,hrms/hr/doctype/interview/interview.js:209,,Select Interview Type First,
P2-business,hrms/hr,hrms/hr/doctype/leave_allocation/leave_allocation.js:242,,"Select the Leave Type like Sick leave, Privilege Leave, Casual Leave, etc.",
P2-business,hrms/hr,hrms/hr/doctype/leave_application/leave_application.js:309,,"Select type of leave the employee wants to apply for, like Sick Leave, Privilege Leave, Casual Leave, etc.",
P2-business,hrms/hr,hrms/hr/doctype/training_event/training_event.json,,Self-Study,
P2-business,hrms/hr,hrms/hr/web_form/job_application/job_application.json,,Thank you for applying.,
P2-business,hrms/hr,hrms/hr/doctype/leave_type/leave_type.json,,"These leaves are holidays permitted by the company however, availing it is optional for an Employee.",
P2-business,hrms/hr,hrms/hr/doctype/shift_assignment/shift_assignment.py:104,,"To allow this, enable {0} under {1}.",
P2-business,hrms/hr,hrms/hr/doctype/appraisal/appraisal.py:156,,"Total weightage for all {0} must add up to 100. Currently, it is {1}%",
P2-business,hrms/hr,hrms/hr/workspace/tenure/tenure.json,,Trainings (This Week),
P2-business,hrms/hr,hrms/hr/doctype/attendance_request/attendance_request.py:177,,Updated Status for Other Half from {0} to {1} for date {2} in the attendance record {3},
P2-business,hrms/hr,hrms/hr/doctype/job_applicant/job_applicant.js:78,,View Job Offer,
P2-business,hrms/hr,hrms/hr/doctype/shift_assignment_tool/shift_assignment_tool.json,,"When set to 'Inactive', employees with conflicting active shifts will not be excluded.",
P2-business,hrms/hr,hrms/hr/doctype/leave_application/leave_application.py:162,,{0} applicable after {1} calendar days,
P2-business,hrms/overrides,hrms/overrides/employee_master.py:83,,"You may add additional details, if any, and submit the offer.",
P2-business,hrms/payroll,hrms/payroll/doctype/arrear/arrear.json,, Salary slips starting on or after this date will be considered for arrear calculations,
P2-business,hrms/payroll,hrms/payroll/workspace/payroll/payroll.json,,"<span class=""h4""><b>Transactions &amp; Reports</b></span>",
P2-business,hrms/payroll,hrms/payroll/doctype/salary_component/salary_component.json,,"Accrue per cycle, pay only on claim",
P2-business,hrms/payroll,hrms/payroll/report/employee_ctc_break_up/employee_profile_card.html:123,,Annual CTC,
P2-business,hrms/payroll,hrms/payroll/report/employee_ctc_break_up/employee_profile_card.html:108,,Assignment Date: ,
P2-business,hrms/payroll,hrms/payroll/doctype/salary_structure_assignment/salary_structure_assignment.json,,"Base, Variable & Leave Encashment",
P2-business,hrms/payroll,hrms/payroll/report/employee_ctc_break_up/employee_ctc_break_up.py:61,,CTC Missing for Employee,
P2-business,hrms/payroll,hrms/payroll/workspace/payroll/payroll.json,,Deduction Reports,
P2-business,hrms/payroll,hrms/payroll/report/employee_ctc_break_up/employee_ctc_break_up.json,,Employee CTC Break-up,
P2-business,hrms/payroll,hrms/payroll/doctype/salary_slip/salary_slip.py:2630,,Error while evaluating the {doctype} {doclink} at row {row_id}. <br><br> <b>Error:</b> {error} <br><br> <b>Hint:</b> {description},
P2-business,hrms/payroll,hrms/payroll/workspace/tax_&_benefits/tax_&_benefits.json,,Exemption,
P2-business,hrms/payroll,hrms/payroll/report/employee_ctc_break_up/employee_ctc_break_up.py:228,,Formula/Amount,
P2-business,hrms/payroll,hrms/payroll/doctype/gratuity_rule_slab/gratuity_rule_slab.json,,From(Year),
P2-business,hrms/payroll,hrms/payroll/doctype/payroll_settings/payroll_settings.json,,"If checked, flexible benefits are considered only if benefit application exists",
P2-business,hrms/payroll,hrms/payroll/doctype/payroll_settings/payroll_settings.json,,"If checked, hides and disables Rounded Total field in Salary Slips",
P2-business,hrms/payroll,hrms/payroll/doctype/payroll_settings/payroll_settings.json,,"If checked, overtime slip creation can be handled as part of payroll processing",
P2-business,hrms/payroll,hrms/payroll/doctype/payroll_settings/payroll_settings.json,,"If checked, Payroll Payable will be booked against each employee",
P2-business,hrms/payroll,hrms/payroll/doctype/salary_component/salary_component.json,,"If checked, the full amount will be deducted from taxable income before calculating income tax without any declaration or proof submission.",
P2-business,hrms/payroll,hrms/payroll/doctype/payroll_settings/payroll_settings.json,,"If enabled, deducts payment days for absent attendance on holidays. By default, holidays are considered as paid",
P2-business,hrms/payroll,hrms/payroll/doctype/income_tax_slab/income_tax_slab.json,,"If enabled, Tax Exemption Declaration will be considered for income tax calculation.",
P2-business,hrms/payroll,hrms/payroll/doctype/salary_component/salary_component.json,,"If enabled, the amount will be excluded from accounting entries during Journal Entry creation.",
P2-business,hrms/payroll,hrms/payroll/doctype/salary_component/salary_component.json,,"If enabled, the component will be considered as a tax component and the amount will be auto-calculated as per the configured income tax slabs",
P2-business,hrms/payroll,hrms/payroll/doctype/salary_component/salary_component.json,,"If enabled, the component will be considered in the Income Tax Deductions report",
P2-business,hrms/payroll,hrms/payroll/doctype/salary_component/salary_component.json,,"If enabled, the component will not be displayed in the salary slip if the amount is zero",
P2-business,hrms/payroll,hrms/payroll/doctype/salary_component/salary_component.json,,"If enabled, this component will be included in arrear calculations",
P2-business,hrms/payroll,hrms/payroll/doctype/payroll_settings/payroll_settings.json,,"If enabled, total no. of working days will include holidays, and this will reduce the value of Salary Per Day",
P2-business,hrms/payroll,hrms/payroll/doctype/salary_component/salary_component.json,,"If greater than zero, this sets the maximum benefit amount assignable to any employee",
P2-business,hrms/payroll,hrms/payroll/report/employee_ctc_break_up/employee_profile_card.html:107,,Income Tax Slab: ,
P2-business,hrms/payroll,hrms/payroll/report/employee_ctc_break_up/employee_ctc_break_up.py:312,,Missing value for filters,
P2-business,hrms/payroll,hrms/payroll/doctype/payroll_entry/payroll_entry.py:232,,No employees found for the mentioned criteria:<br>Company: {0}<br> Currency: {1}<br>Payroll Payable Account: {2},
P2-business,hrms/payroll,hrms/payroll/doctype/salary_slip/salary_slip.py:2182,,"Note: Your salary slip is password protected, the password to unlock the PDF is of the format {0}.",
P2-business,hrms/payroll,hrms/payroll/workspace/payroll/payroll.json,,Outgoing Salary,
P2-business,hrms/payroll,hrms/payroll/workspace/payroll/payroll.json,,Payroll Reports,
P2-business,hrms/payroll,hrms/payroll/report/employee_ctc_break_up/employee_ctc_break_up.py:251,,Percent of CTC (%),
P2-business,hrms/payroll,hrms/payroll/report/employee_ctc_break_up/employee_ctc_break_up.py:53,,Please set cost to company(CTC) for employee {0} in the {1},
P2-business,hrms/payroll,hrms/payroll/doctype/salary_structure_assignment/salary_structure_assignment.js:78,,Please set employee's total cost to company to see CTC breakup.,
P2-business,hrms/payroll,hrms/payroll/report/employee_ctc_break_up/employee_ctc_break_up.py:311,,Please set {0} to get CTC report,
P2-business,hrms/payroll,hrms/payroll/doctype/salary_structure_assignment/salary_structure_assignment.py:192,,"Please specify {0} and {1} (if any), for the correct tax calculation in future salary slips.",
P2-business,hrms/payroll,hrms/payroll/report/provident_fund_deductions/provident_fund_deductions.py:17,,"Salary components of type Provident Fund, Additional Provident Fund or Provident Fund Loan are not set up.",
P2-business,hrms/payroll,hrms/payroll/doctype/payroll_entry/payroll_entry.py:1579,,"Salary Slips already exist for employees {}, and will not be processed by this payroll.",
P2-business,hrms/payroll,hrms/payroll/report/employee_ctc_break_up/employee_profile_card.html:106,,Salary Structure: ,
P2-business,hrms/payroll,hrms/payroll/doctype/salary_structure_assignment/salary_structure_assignment.js:73,,See CTC Break-up,
P2-business,hrms/payroll,hrms/payroll/doctype/salary_structure/salary_structure.py:327,,"Skipping Salary Structure Assignment for the following employees, as Salary Structure Assignment records already exists against them. {0}",
P2-business,hrms/payroll,hrms/payroll/doctype/salary_slip/salary_slip.py:1807,,"Start and end dates not in a valid Payroll Period, cannot calculate {0}.",
P2-business,hrms/payroll,hrms/payroll/doctype/payroll_settings/payroll_settings.json,,"The salary slip emailed to the employee will be password protected, the password will be generated based on the password policy.",
P2-business,hrms/payroll,hrms/payroll/doctype/additional_salary/additional_salary.py:213,,"To overwrite the salary component amount for a tax component, please enable {0}",
P2-business,hrms/payroll,hrms/payroll/doctype/gratuity_rule_slab/gratuity_rule_slab.json,,To(Year),
P2-business,hrms/payroll,hrms/payroll/doctype/salary_structure_assignment/salary_structure_assignment.json,,Total Cost To Company (CTC),
P2-business,hrms/payroll,hrms/payroll/doctype/salary_slip/salary_slip.py:2545,,{0} <br> This error can be due to missing or deleted field.,
P2-business,hrms/payroll,hrms/payroll/doctype/salary_slip/salary_slip.py:2205,,"{0}: Employee email not found, hence email not sent",
P2-business,hrms/public,hrms/public/js/utils/index.js:131,,create/submit,
P2-business,hrms/public,hrms/public/js/hierarchy_chart/hierarchy_chart_desktop.js:137,,Exporting...,
P2-business,hrms/setup.py,hrms/setup.py:395,,Full-time,
P2-business,hrms/setup.py,hrms/setup.py:396,,Part-time,
P2-business,hrms/workspace_sidebar,hrms/workspace_sidebar/shift_&_attendance.json,,Employee Hours Utilization,
P2-business,hrms/workspace_sidebar,hrms/workspace_sidebar/tax_&_benefits.json,,Exemption Declaration,
P2-business,hrms/workspace_sidebar,hrms/workspace_sidebar/tax_&_benefits.json,,Exemption Submission Proof,
P2-business,hrms/workspace_sidebar,hrms/workspace_sidebar/recruitment.json,,Job Portal,
P2-business,hrms/workspace_sidebar,hrms/workspace_sidebar/leaves.json,,Leave Balance Summary,
P3-peripheral,frappe/app.py,frappe/app.py:383,,"Your session has expired, please login again to continue.",
P3-peripheral,frappe/auth.py,frappe/auth.py:706,,"Failed to decode token, please provide a valid base64-encoded token.",
P3-peripheral,frappe/automation,frappe/automation/doctype/assignment_rule/assignment_rule.js:52,,"Assign one by one, in sequence",
P3-peripheral,frappe/automation,frappe/automation/doctype/auto_repeat/auto_repeat.json,,Half-yearly,
P3-peripheral,frappe/automation,frappe/automation/doctype/assignment_rule/assignment_rule.json,,"Simple Python Expression, Example: <code class=""language-python"">status == ""Invalid""</code>",
P3-peripheral,frappe/automation,frappe/automation/doctype/assignment_rule/assignment_rule.json,,"Simple Python Expression, Example: <code class=""language-python"">status == 'Open' and issue_type == 'Bug'</code>",
P3-peripheral,frappe/automation,frappe/automation/doctype/assignment_rule/assignment_rule.json,,"Simple Python Expression, Example: <code class=""language-python"">status in (""Closed"", ""Cancelled"")</code>",
P3-peripheral,frappe/automation,frappe/automation/doctype/auto_repeat/auto_repeat.json,,"To add dynamic subject, use jinja tags like

<div><pre><code>New {{ doc.doctype }} #{{ doc.name }}</code></pre></div>",
P3-peripheral,frappe/automation,frappe/automation/doctype/auto_repeat/auto_repeat.js:35,,"To configure Auto Repeat, enable ""Allow Auto Repeat"" from {0}.",
P3-peripheral,frappe/automation,frappe/automation/doctype/auto_repeat/auto_repeat.py:436,,"{0}: Failed to attach new recurring document. To enable attaching document in the auto repeat notification email, enable {1} in Print Settings",
P3-peripheral,frappe/client.py,frappe/client.py:519,,"Parenttype, Parent and Parentfield are required to insert a child record",
P3-peripheral,frappe/contacts,frappe/contacts/doctype/address/address.json,,City/Town,
P3-peripheral,frappe/contacts,frappe/contacts/doctype/address/address.json,,State/Province,
P3-peripheral,frappe/custom,frappe/custom/doctype/property_setter/property_setter.json,,"<div class=""alert"">Please don't update it as it can mess up your form. Use the Customize Form View and Custom Fields to set properties!</div>",
P3-peripheral,frappe/custom,frappe/custom/doctype/custom_field/custom_field.json,,"Don't HTML Encode HTML tags like &lt;script&gt; or just characters like &lt; or &gt;, as they could be intentionally used in this field",
P3-peripheral,frappe/custom,frappe/custom/doctype/custom_field/custom_field.js:98,,e.g.:,
P3-peripheral,frappe/custom,frappe/custom/doctype/customize_form/customize_form.json,,"Fields separated by comma (,) will be included in the ""Search By"" list of Search dialog box",
P3-peripheral,frappe/custom,frappe/custom/doctype/custom_field/custom_field.py:246,,"Insert After field '{0}' mentioned in Custom Field '{1}', with label '{2}', does not exist",
P3-peripheral,frappe/custom,frappe/custom/doctype/customize_form/customize_form.js:199,,"Layout will be reset to standard layout, are you sure you want to do this?",
P3-peripheral,frappe/custom,frappe/custom/doctype/customize_form_field/customize_form_field.json,,"Print Width of the field, if the field is a column in a table",
P3-peripheral,frappe/custom,frappe/custom/doctype/customize_form/customize_form.py:405,,You can't set standard field {0} as virtual,
P3-peripheral,frappe/database,frappe/database/query.py:718,,"Expected 'and' or 'or' operator, found: {0}",
P3-peripheral,frappe/database,frappe/database/query.py:1113,,"Fields must be a string, list, tuple, pypika Field, or pypika Function",
P3-peripheral,frappe/database,frappe/database/query.py:2330,,"Invalid argument type: {0}. Only strings, numbers, dicts, and None are allowed.",
P3-peripheral,frappe/database,frappe/database/query.py:846,,"Invalid characters in fieldname: {0}. Only letters, numbers, and underscores are allowed.",
P3-peripheral,frappe/database,frappe/database/query.py:2133,,"Invalid field format for SELECT: {0}. Field names must be simple, backticked, table-qualified, aliased, or '*'.",
P3-peripheral,frappe/database,frappe/database/query.py:1286,,"Invalid field format in {0}: {1}. Use 'field', 'link_field.field', or 'child_table.field'.",
P3-peripheral,frappe/database,frappe/database/query.py:2250,,"Invalid function argument type: {0}. Only strings, numbers, lists, and None are allowed.",
P3-peripheral,frappe/database,frappe/database/database.py:285,,"Site is running in read only mode for maintenance or site update, this action can not be performed right now. Please try again later.",
P3-peripheral,frappe/database,frappe/database/mariadb/schema.py:141,,"{0} field cannot be set as unique in {1}, as there are non-unique existing values",
P3-peripheral,frappe/desktop_icon,frappe/desktop_icon/framework.json,,Framework,
P3-peripheral,frappe/desktop_icon,frappe/desktop_icon/my_workspaces.json,,My Workspaces,
P3-peripheral,frappe/email,frappe/email/doctype/notification/notification.py:207,,"Cannot edit Standard Notification. To edit, please disable this and duplicate it",
P3-peripheral,frappe/email,frappe/email/doctype/email_account/email_account.json,,"e.g. ""Support"", ""Sales"", ""Jerry Yang""",
P3-peripheral,frappe/email,frappe/email/doctype/notification/notification.json,,"For a dynamic subject, use Jinja tags like this: <code>{{ doc.name }} Delivered</code>",
P3-peripheral,frappe/email,frappe/email/doctype/auto_email_report/auto_email_report.json,,"For multiple addresses, enter the address on different line. e.g. test@test.com ⏎ test1@test.com",
P3-peripheral,frappe/email,frappe/email/doctype/notification/notification.json,,"If enabled, the notification will show up in the notifications dropdown on the top right corner of the navigation bar.",
P3-peripheral,frappe/email,frappe/email/doctype/email_account/email_account.json,,"If non standard port (e.g. 587). If on Google Cloud, try port 2525.",
P3-peripheral,frappe/email,frappe/email/doctype/email_account/email_account.json,,"If non-standard port (e.g. POP3: 995/110, IMAP: 993/143)",
P3-peripheral,frappe/email,frappe/email/doctype/email_account/email_account.json,,"List of email addresses, separated by comma or new line.",
P3-peripheral,frappe/email,frappe/email/doctype/unhandled_email/unhandled_email.json,,Message-id,
P3-peripheral,frappe/email,frappe/email/doctype/notification/notification.py:674,,"Not allowed to attach {0} document, please enable Allow Print For {0} in Print Settings",
P3-peripheral,frappe/email,frappe/email/doctype/email_account/email_account.json,,Outlook.com,
P3-peripheral,frappe/email,frappe/email/doctype/email_group/email_group.js:81,,Preview:,
P3-peripheral,frappe/email,frappe/email/doctype/email_queue/email_queue_list.js:52,,Processing...,
P3-peripheral,frappe/email,frappe/email/doctype/email_account/email_account.json,,ProTip: Add <code>Reference: {{ reference_doctype }} {{ reference_name }}</code> to send document reference,
P3-peripheral,frappe/email,frappe/email/doctype/email_account/email_account.py:822,,Re:,
P3-peripheral,frappe/email,frappe/email/doctype/email_account/email_account.json,,"SUCCESS,FAILURE",
P3-peripheral,frappe/email,frappe/email/doctype/email_account/email_account.json,,"SUCCESS,FAILURE,DELAY",
P3-peripheral,frappe/email,frappe/email/doctype/notification/notification.json,,"To use Slack Channel, add a <a href=""#List/Slack%20Webhook%20URL/List"">Slack Webhook URL</a>.",
P3-peripheral,frappe/email,frappe/email/doctype/notification/notification.json,,"Trigger on valid methods like ""before_insert"", ""after_update"", etc (will depend on the DocType selected)",
P3-peripheral,frappe/email,frappe/email/doctype/email_account/email_account.json,,"Use this, for example, if all sent emails should also be send to an archive.",
P3-peripheral,frappe/email,frappe/email/doctype/email_account/email_account.json,,Yandex.Mail,
P3-peripheral,frappe/geo,frappe/geo/doctype/currency/currency.json,,"1 Currency = [?] Fraction
For e.g. 1 USD = 100 Cent",
P3-peripheral,frappe/geo,frappe/geo/doctype/currency/currency.json,,"Currency list stores the currency value, its symbol and fraction unit",
P3-peripheral,frappe/geo,frappe/geo/doctype/currency/currency.json,,"How should this currency be formatted? If not set, will use system defaults",
P3-peripheral,frappe/handler.py,frappe/handler.py:184,,"You can only upload JPG, PNG, GIF, PDF, TXT, CSV or Microsoft documents.",
P3-peripheral,frappe/integrations,frappe/integrations/doctype/webhook/webhook.json,,"<p><strong>Condition Examples:</strong></p>
<pre>doc.status==""Open""<br>doc.due_date==nowdate()<br>doc.total &gt; 40000
</pre>",
P3-peripheral,frappe/integrations,frappe/integrations/doctype/oauth_settings/oauth_settings.json,,"A Frappe Framework instance can function as an OAuth Client, Resource, or Authorization server. This DocType contains settings related to all three.",
P3-peripheral,frappe/integrations,frappe/integrations/doctype/oauth_client/oauth_client.json,,A list of resources which the Client App will have access to after the user allows it.<br> e.g. project,
P3-peripheral,frappe/integrations,frappe/integrations/doctype/social_login_key/social_login_key.json,,Allows clients to view this as an Authorization Server when querying the <code>/.well-known/oauth-protected-resource</code> end point.,
P3-peripheral,frappe/integrations,frappe/integrations/doctype/social_login_key/social_login_key.json,,"Controls whether new users can sign up using this Social Login Key. If unset, Website Settings is respected.",
P3-peripheral,frappe/integrations,frappe/integrations/doctype/ldap_settings/ldap_settings.py:114,,"Custom LDAP Directoy Selected, please ensure 'LDAP Group Member attribute' and 'Group Object Class' are entered",
P3-peripheral,frappe/integrations,frappe/integrations/doctype/google_settings/google_settings.js:7,,"For more information, {0}.",
P3-peripheral,frappe/integrations,frappe/integrations/doctype/google_calendar/google_calendar.py:266,,"Google Calendar - Could not create Calendar for {0}, error code {1}.",
P3-peripheral,frappe/integrations,frappe/integrations/doctype/google_calendar/google_calendar.py:611,,"Google Calendar - Could not delete Event {0} from Google Calendar, error code {1}.",
P3-peripheral,frappe/integrations,frappe/integrations/doctype/google_calendar/google_calendar.py:305,,"Google Calendar - Could not fetch event from Google Calendar, error code {0}.",
P3-peripheral,frappe/integrations,frappe/integrations/doctype/google_calendar/google_calendar.py:252,,"Google Calendar - Could not find Calendar for {0}, error code {1}.",
P3-peripheral,frappe/integrations,frappe/integrations/doctype/google_contacts/google_contacts.py:232,,"Google Calendar - Could not insert contact in Google Contacts {0}, error code {1}.",
P3-peripheral,frappe/integrations,frappe/integrations/doctype/google_calendar/google_calendar.py:497,,"Google Calendar - Could not insert event in Google Calendar {0}, error code {1}.",
P3-peripheral,frappe/integrations,frappe/integrations/doctype/google_calendar/google_calendar.py:581,,"Google Calendar - Could not update Event {0} in Google Calendar, error code {1}.",
P3-peripheral,frappe/integrations,frappe/integrations/doctype/google_contacts/google_contacts.py:137,,"Google Contacts - Could not sync contacts from Google Contacts {0}, error code {1}.",
P3-peripheral,frappe/integrations,frappe/integrations/doctype/google_contacts/google_contacts.py:294,,"Google Contacts - Could not update contact in Google Contacts {0}, error code {1}.",
P3-peripheral,frappe/integrations,frappe/integrations/workspace/integrations/integrations.json,,Google Services,
P3-peripheral,frappe/integrations,frappe/integrations/doctype/oauth_client/oauth_client.json,,"If checked, users will not see the Confirm Access dialog.",
P3-peripheral,frappe/integrations,frappe/integrations/doctype/ldap_settings/ldap_settings.py:130,,"LDAP Search String must be enclosed in '()' and needs to contian the user placeholder {0}, eg sAMAccountName={0}",
P3-peripheral,frappe/integrations,frappe/integrations/doctype/ldap_settings/ldap_settings.json,,"Must be enclosed in '()' and include '{0}', which is a placeholder for the user/login name. i.e. (&(objectclass=user)(uid={0}))",
P3-peripheral,frappe/integrations,frappe/integrations/doctype/oauth_client/oauth_client.json,,"New lines separated list of strings representing ways to contact people responsible for this client, typically email addresses.",
P3-peripheral,frappe/integrations,frappe/integrations/doctype/webhook/webhook.json,,"On checking this option, URL will be treated like a jinja template string",
P3-peripheral,frappe/integrations,frappe/integrations/workspace/integrations/integrations.json,,Push Notifications,
P3-peripheral,frappe/integrations,frappe/integrations/doctype/ldap_settings/ldap_settings.json,,"Requires any valid fdn path. i.e. ou=groups,dc=example,dc=com",
P3-peripheral,frappe/integrations,frappe/integrations/doctype/ldap_settings/ldap_settings.json,,"Requires any valid fdn path. i.e. ou=users,dc=example,dc=com",
P3-peripheral,frappe/integrations,frappe/integrations/doctype/ldap_settings/ldap_settings.json,,"string value, i.e. group",
P3-peripheral,frappe/integrations,frappe/integrations/doctype/ldap_settings/ldap_settings.json,,"string value, i.e. member",
P3-peripheral,frappe/integrations,frappe/integrations/doctype/ldap_settings/ldap_settings.json,,"string value, i.e. {0} or uid={0},ou=users,dc=example,dc=com",
P3-peripheral,frappe/integrations,frappe/integrations/doctype/google_calendar/google_calendar.py:312,,"Sync token was invalid and has been reset, Retry syncing.",
P3-peripheral,frappe/integrations,frappe/integrations/doctype/webhook/webhook.json,,"To add dynamic values from the document, use jinja tags like

<div>
<pre><code>{ ""id"": ""{{ doc.name }}"" }</code>
</pre>
</div>",
P3-peripheral,frappe/integrations,frappe/integrations/doctype/google_calendar/google_calendar.js:8,,"To use Google Calendar, enable {0}.",
P3-peripheral,frappe/integrations,frappe/integrations/doctype/google_contacts/google_contacts.js:8,,"To use Google Contacts, enable {0}.",
P3-peripheral,frappe/model,frappe/model/virtual_doctype.py:63,,"Failed to import virtual doctype {}, is controller file present?",
P3-peripheral,frappe/model,frappe/model/naming.py:74,,Invalid naming series {}: dot (.) missing before the numeric placeholders. Kindly use a format like <b>ABCD.#####</b>.,
P3-peripheral,frappe/model,frappe/model/utils/__init__.py:77,,Security Error: The Path provided is not safe.,
P3-peripheral,frappe/model,frappe/model/naming.py:66,,"Special Characters except '-', '#', '.', '/', '{{' and '}}' not allowed in naming series {0}",
P3-peripheral,frappe/model,frappe/model/naming.py:500,,"There were some errors setting the name, please contact the administrator",
P3-peripheral,frappe/model,frappe/model/rename_doc.py:376,,"{0} {1} does not exist, select a new target to merge",
P3-peripheral,frappe/model,frappe/model/base_document.py:1247,,"{0}, Row {1}",
P3-peripheral,frappe/model,frappe/model/base_document.py:1252,,"{0}: '{1}' ({3}) will get truncated, as max characters allowed is {2}",
P3-peripheral,frappe/permissions.py,frappe/permissions.py:700,,"Rule for this doctype, role, permlevel and if-owner combination already exists.",
P3-peripheral,frappe/permissions.py,frappe/permissions.py:445,,"You are not allowed to access this {0} record because it is linked to {1} '{2}' in row {3}, field {4}",
P3-peripheral,frappe/printing,frappe/printing/doctype/print_settings/print_settings.json,,A0,
P3-peripheral,frappe/printing,frappe/printing/doctype/print_settings/print_settings.json,,A1,
P3-peripheral,frappe/printing,frappe/printing/doctype/print_settings/print_settings.json,,A2,
P3-peripheral,frappe/printing,frappe/printing/doctype/print_settings/print_settings.json,,A6,
P3-peripheral,frappe/printing,frappe/printing/doctype/print_settings/print_settings.json,,A7,
P3-peripheral,frappe/printing,frappe/printing/doctype/print_settings/print_settings.json,,A8,
P3-peripheral,frappe/printing,frappe/printing/doctype/print_settings/print_settings.json,,A9,
P3-peripheral,frappe/printing,frappe/printing/doctype/print_settings/print_settings.json,,B0,
P3-peripheral,frappe/printing,frappe/printing/doctype/print_settings/print_settings.json,,B1,
P3-peripheral,frappe/printing,frappe/printing/doctype/print_settings/print_settings.json,,B2,
P3-peripheral,frappe/printing,frappe/printing/doctype/print_settings/print_settings.json,,B3,
P3-peripheral,frappe/printing,frappe/printing/doctype/print_settings/print_settings.json,,B4,
P3-peripheral,frappe/printing,frappe/printing/doctype/print_settings/print_settings.json,,B5,
P3-peripheral,frappe/printing,frappe/printing/doctype/print_settings/print_settings.json,,B6,
P3-peripheral,frappe/printing,frappe/printing/doctype/print_settings/print_settings.json,,B7,
P3-peripheral,frappe/printing,frappe/printing/doctype/print_settings/print_settings.json,,B8,
P3-peripheral,frappe/printing,frappe/printing/doctype/print_settings/print_settings.json,,B9,
P3-peripheral,frappe/printing,frappe/printing/page/print_format_builder/print_format_builder_column_selector.html:1,,"Check columns to select, drag to set order.",
P3-peripheral,frappe/printing,frappe/printing/page/print_format_builder/print_format_builder_sidebar.html:3,,Filter...,
P3-peripheral,frappe/printing,frappe/printing/page/print/print.js:138,,Footer might not be visible as {0} option is disabled</div>,
P3-peripheral,frappe/printing,frappe/printing/page/print_format_builder/print_format_builder.js:754,,"For example: If you want to include the document ID, use {0}",
P3-peripheral,frappe/printing,frappe/printing/doctype/print_format/print_format.json,,"If checked, negative numeric values of Currency, Quantity or Count would be shown as positive",
P3-peripheral,frappe/printing,frappe/printing/page/print_format_builder/print_format_builder.js:485,alignment,Left,
P3-peripheral,frappe/printing,frappe/printing/page/print_format_builder/print_format_builder.js:486,alignment,Right,
P3-peripheral,frappe/printing,frappe/printing/doctype/network_printer_settings/network_printer_settings.py:30,,"This feature can not be used as dependencies are missing.
				Please contact your system manager to enable this by installing pycups!",
P3-peripheral,frappe/templates,frappe/templates/emails/security_txt_expiry_alert.html:13,,Days Remaining,
P3-peripheral,frappe/templates,frappe/templates/emails/administrator_logged_in.html:1,,"Dear System Manager,",
P3-peripheral,frappe/templates,frappe/templates/emails/account_deletion_notification.html:1,,"Dear User,",
P3-peripheral,frappe/templates,frappe/templates/emails/user_invitation_cancelled.html:8,,"If this was a mistake or you need access again, please reach out to your team.",
P3-peripheral,frappe/templates,frappe/templates/emails/user_invitation.html:19,,"If you have any questions, reach out to your system administrator.",
P3-peripheral,frappe/templates,frappe/templates/emails/administrator_logged_in.html:3,,"If you think this is unauthorized, please change the Administrator password.",
P3-peripheral,frappe/templates,frappe/templates/signup.html:11,,jane@example.com,
P3-peripheral,frappe/templates,frappe/templates/emails/security_txt_expiry_alert.html:19,,Please update your security settings from desk.,
P3-peripheral,frappe/templates,frappe/templates/discussions/reply_section.html:40,,"Post it here, our mentors will help you out.",
P3-peripheral,frappe/templates,frappe/templates/includes/navbar/navbar_search.html:6,,Search...,
P3-peripheral,frappe/templates,frappe/templates/emails/security_txt_expiry_alert.html:1,,Security.txt will expire soon!,
P3-peripheral,frappe/templates,frappe/templates/includes/navbar/navbar_items.html:95,,"This site is in read only mode, full functionality will be restored soon.",
P3-peripheral,frappe/templates,frappe/templates/includes/login/login.js:171,,Verifying...,
P3-peripheral,frappe/templates,frappe/templates/emails/auto_reply.html:2,,"Your query has been received. We will reply back shortly. If you have any additional information, please reply to this mail.",
P3-peripheral,frappe/tests,frappe/tests/test_translate.py:112,Coins,Change,
P3-peripheral,frappe/twofactor.py,frappe/twofactor.py:164,,"Login session expired, refresh page to retry",
P3-peripheral,frappe/utils,frappe/utils/data.py:1563,Currency,Dinars,
P3-peripheral,frappe/utils,frappe/utils/password.py:213,,"If you have recently restored the site, you may need to copy the site_config.json containing the original encryption key.",
P3-peripheral,frappe/utils,frappe/utils/password_strength.py:45,,"No need for symbols, digits, or uppercase letters.",
P3-peripheral,frappe/utils,frappe/utils/password.py:217,,Please visit https://frappecloud.com/docs/sites/migrate-an-existing-site#encryption-key for more information.,
P3-peripheral,frappe/utils,frappe/utils/password_strength.py:44,,"Use a few words, avoid common phrases.",
P3-peripheral,frappe/utils,frappe/utils/data.py:1571,Money in words,{0} only.,
P3-peripheral,frappe/utils,frappe/utils/data.py:2632,,{} Possibly invalid python code. <br>{},
P3-peripheral,frappe/website,frappe/website/doctype/about_us_settings/about_us_settings.json,,"""Team Members"" or ""Management""",
P3-peripheral,frappe/website,frappe/website/web_form/request_data/request_data.json,,A download link with your data will be sent to the email address associated with your account.,
P3-peripheral,frappe/website,frappe/website/doctype/website_settings/website_settings.json,,"Added HTML in the &lt;head&gt; section of the web page, primarily used for website verification and SEO",
P3-peripheral,frappe/website,frappe/website/web_form/request_to_delete_data/request_to_delete_data.json,,An email to verify your request has been sent to your email address. Please verify your request to complete the process.,
P3-peripheral,frappe/website,frappe/website/doctype/web_page/web_page.js:111,,"By default the title is used as meta title, adding a value here will override it.",
P3-peripheral,frappe/website,frappe/website/doctype/website_settings/website_settings.js:140,,"Checking this will enable tracking page views for blogs, web pages, etc.",
P3-peripheral,frappe/website,frappe/website/doctype/web_page/web_page.py:215,,"Clearing end date, as it cannot be in the past for published pages.",
P3-peripheral,frappe/website,frappe/website/doctype/contact_us_settings/contact_us_settings.json,,"Contact options, like ""Sales Query, Support Query"" etc each on a new line or separated by commas.",
P3-peripheral,frappe/website,frappe/website/doctype/web_form/templates/web_form.html:61,Button in web form,Delete,
P3-peripheral,frappe/website,frappe/website/doctype/web_form/templates/web_form.html:53,Button in web form,Discard,
P3-peripheral,frappe/website,frappe/website/doctype/web_form/templates/web_form.html:32,Button in web form,Edit,
P3-peripheral,frappe/website,frappe/website/doctype/web_form/web_form.json,,"For help see <a href=""https://frappeframework.com/docs/user/en/guides/portal-development/web-forms"" target=""_blank"">Client Script API and Examples</a>",
P3-peripheral,frappe/website,frappe/website/doctype/web_page_block/web_page_block.json,,"IDs must contain only alphanumeric characters, not contain spaces, and should be unique.",
P3-peripheral,frappe/website,frappe/website/doctype/web_form/web_form.json,,"If enabled, all responses on the web form will be submitted anonymously",
P3-peripheral,frappe/website,frappe/website/doctype/top_bar_item/top_bar_item.json,,"If you set this, this Item will come in a drop-down under the selected parent.",
P3-peripheral,frappe/website,frappe/website/doctype/website_settings/website_settings.json,,"Link that is the website home page. Standard Links (home, login, products, blog, about, contact)",
P3-peripheral,frappe/website,frappe/website/doctype/web_form/web_form.json,,"List as [{""label"": _(""Jobs""), ""route"":""jobs""}]",
P3-peripheral,frappe/website,frappe/website/doctype/web_page/web_page.json,,Map route parameters into form variables. Example <code>/project/&lt;name&gt;</code>,
P3-peripheral,frappe/website,frappe/website/doctype/website_slideshow/website_slideshow.json,,"Note: For best results,  images must be of the same size and width must be greater than height.",
P3-peripheral,frappe/website,frappe/website/doctype/web_page/web_page.json,,"Page to show on the website
",
P3-peripheral,frappe/website,frappe/website/workspace/website/website.json,,Published Web Forms,
P3-peripheral,frappe/website,frappe/website/workspace/website/website.json,,Published Web Pages,
P3-peripheral,frappe/website,frappe/website/web_form/request_to_delete_data/request_to_delete_data.json,,Request for Account Deletion,
P3-peripheral,frappe/website,frappe/website/doctype/website_settings/website_settings.json,,Robots.txt,
P3-peripheral,frappe/website,frappe/website/doctype/web_form/templates/web_form.html:169,Button in web form,See previous responses,
P3-peripheral,frappe/website,frappe/website/doctype/web_form/web_form.js:40,,"Standard Web Forms can not be modified, duplicate the Web Form instead.",
P3-peripheral,frappe/website,frappe/website/doctype/web_form/templates/web_form.html:56,Button in web form,Submit,
P3-peripheral,frappe/website,frappe/website/doctype/web_form/templates/web_form.html:172,Button in web form,Submit another response,
P3-peripheral,frappe/website,frappe/website/web_template/discussions/discussions.html:3,,"There are no {0} for this {1}, why don't you start one!",
P3-peripheral,frappe/website,frappe/website/doctype/web_page/web_page.js:85,,"This will be automatically generated when you publish the page, you can also enter a route yourself if you wish",
P3-peripheral,frappe/website,frappe/website/workspace/website/website.json,,Website Themes Available,
P3-peripheral,frappe/website,frappe/website/workspace/website/website.json,,Website Visits,
P3-peripheral,frappe/website,frappe/website/doctype/web_page/web_page.js:92,,"You can select one from the following,",
P3-peripheral,frappe/workflow,frappe/workflow/doctype/workflow/workflow.json,,"All possible Workflow States and roles of the workflow. Docstatus Options: 0 is ""Saved"", 1 is ""Submitted"" and 2 is ""Cancelled""",
P3-peripheral,frappe/workflow,frappe/workflow/doctype/workflow/workflow.json,,"Different ""States"" this document can exist in. Like ""Open"", ""Pending Approval"" etc.",
P3-peripheral,frappe/workflow,frappe/workflow/doctype/workflow/workflow.json,,"Field that represents the Workflow State of the transaction (if field is not present, a new hidden Custom Field will be created)",
P3-peripheral,frappe/workflow,frappe/workflow/doctype/workflow/workflow.json,,"If checked, a confirmation will be required before performing workflow actions.",
P3-peripheral,frappe/workflow,frappe/workflow/doctype/workflow/workflow.json,,"If checked, all other workflows become inactive.",
P3-peripheral,frappe/workflow,frappe/workflow/doctype/workflow/workflow.json,,"Rules for how states are transitions, like next state and which role is allowed to change state etc.",
P3-peripheral,frappe/workflow,frappe/workflow/doctype/workflow_state/workflow_state.json,,"Style represents the button color: Success - Green, Danger - Red, Inverse - Black, Primary - Dark Blue, Info - Light Blue, Warning - Orange",
P3-peripheral,frappe/workspace_sidebar,frappe/workspace_sidebar/users.json,,Audits,
P3-peripheral,frappe/workspace_sidebar,frappe/workspace_sidebar/system.json,,Background Job,
P3-peripheral,frappe/workspace_sidebar,frappe/workspace_sidebar/integrations.json,,Google Calender,
P3-peripheral,frappe/workspace_sidebar,frappe/workspace_sidebar/system.json,,Health Report,
P3-peripheral,frappe/www,frappe/www/update-password.html:301,,"Hint: Include symbols, numbers and capital letters in the password",
P3-peripheral,frappe/www,frappe/www/confirm_workflow_action.html:8,,Note:,
P3-peripheral,frappe/www,frappe/www/contact.py:46,,"Thank you for reaching out to us. We will get back to you at the earliest.


Your query:

{0}",
P4-help-html,erpnext/accounts,erpnext/accounts/doctype/payment_gateway_account/payment_gateway_account.json,,"<pre><h5>Message Example</h5>

&lt;p&gt; Thank You for being a part of {{ doc.company }}! We hope you are enjoying the service.&lt;/p&gt;

&lt;p&gt; Please find enclosed the E Bill statement. The outstanding amount is {{ doc.grand_total }}.&lt;/p&gt;

&lt;p&gt; We don't want you to be spending time running around in order to pay for your Bill.<br>After all, life is beautiful and the time you have in hand should be spent to enjoy it!<br>So here are our little ways to help you get more time for life! &lt;/p&gt;

&lt;a href=""{{ payment_url }}""&gt; click here to pay &lt;/a&gt;

</pre>
",
P4-help-html,erpnext/accounts,erpnext/accounts/doctype/accounts_settings/accounts_settings.json,,"Books Purchase Expense and Expenses Added To Stock account pairs against stock value. On enabling this, the accounts become mandatory in Company or Item Defaults for Purchase Receipt, Purchase Invoice, Stock Entry, Stock Reconciliation and Landed Cost Voucher",
P4-help-html,erpnext/accounts,erpnext/accounts/doctype/accounts_settings/accounts_settings.json,,"Changing the account in any transaction of the DocTypes listed below will trigger a repost. To prevent reposting, remove the relevant DocType from the list.",
P4-help-html,erpnext/accounts,erpnext/accounts/doctype/accounting_dimension/accounting_dimension.py:87,,Fieldname {0} already exists in the following doctypes: {1}. A separate dimension field will not be added to these doctypes. GL Entries will use the value of the existing field as the dimension value.,
P4-help-html,erpnext/accounts,erpnext/accounts/doctype/bank_statement_import_log/bank_statement_import_log.js:7,,Go to <a href='/banking/statement-importer' target='_blank' style='text-decoration: underline;'>Bank Statement Importer</a> in the Banking module to use this importer.,
P4-help-html,erpnext/accounts,erpnext/accounts/doctype/accounts_settings/accounts_settings.json,,"If ""Months"" is selected, a fixed amount will be booked as deferred revenue or expense for each month irrespective of the number of days in a month. It will be prorated if deferred revenue or expense is not booked for an entire month",
P4-help-html,erpnext/accounts,erpnext/accounts/doctype/purchase_taxes_and_charges/purchase_taxes_and_charges.json,,"If checked, the entire amount (e.g. Freight) is allocated to the valuation of stock & asset items only. If unchecked, the amount is distributed across all items and the portion belonging to non-stock items is not added to valuation.",
P4-help-html,erpnext/buying,erpnext/buying/doctype/request_for_quotation/request_for_quotation.json,,"<p>In your <b>Email Template</b>, you can use the following special variables:
</p>
<ul>
        <li>
            <code>{{ update_password_link }}</code>: A link where your supplier can set a new password to log into your portal.
        </li>
        <li>
            <code>{{ portal_link }}</code>: A link to this RFQ in your supplier portal.
        </li>
        <li>
            <code>{{ supplier_name }}</code>: The company name of your supplier.
        </li>
        <li>
            <code>{{ contact.salutation }} {{ contact.last_name }}</code>: The contact person of your supplier.
        </li><li>
            <code>{{ user_fullname }}</code>: Your full name.
        </li>
    </ul>
<p></p>
<p>Apart from these, you can access all values in this RFQ, like <code>{{ message_for_supplier }}</code> or <code>{{ terms }}</code>.</p>",
P4-help-html,erpnext/buying,erpnext/buying/doctype/buying_settings/buying_settings.json,,"The percentage by which you are allowed to order more on a Purchase Order than the quantity requested on the originating Material Request. For example, if the Material Request has 100 units and the allowance is 10%, you can order up to 110 units",
P4-help-html,erpnext/controllers,erpnext/controllers/stock_controller.py:1482,,"The batch {0} is reserved for {1} in the warehouse {2} and the remaining quantity is not enough to cover the reservations. So, cannot proceed with the {3} {4}.",
P4-help-html,erpnext/selling,erpnext/selling/doctype/sales_order/sales_order.json,,"Applying a Discount Amount? When this Sales Order is partially fulfilled through multiple Delivery Notes and Sales Invoices, the Discount Amount is allocated on a FIFO basis. The earlier transactions receive a larger share of the discount. To spread the discount proportionally across item prices, use Additional Discount Percentage instead.",
P4-help-html,erpnext/selling,erpnext/selling/doctype/selling_settings/selling_settings.json,,"Enable this option to permit the use of negative rates for items in sales transactions. This setting is useful for applying substantial discounts, processing refunds or returns, and handling special promotional pricing.",
P4-help-html,erpnext/selling,erpnext/selling/doctype/selling_settings/selling_settings.json,,"Enabling this will do the following:
<ul style=""padding-left:16px"">
<li>Make the rate column of all Packed/Bundle Items tables editable.</li>
<li>Calculate the prices of all <a href=""/desk/product-bundle"" rel=""noopener noreferrer"">Product Bundles</a> in the Items table, based on the prices of its child Items, specified in the Packed/Bundle Items table. </li>
</ul>
Note: If this is enabled, updating the rate of the Product Bundle in the Items table will not change its price. It will get reset to the price based on its Child Items on saving the doc.",
P4-help-html,erpnext/selling,erpnext/selling/doctype/selling_settings/selling_settings.json,,Most Customers have a unique Tax ID that is fetched into selling transactions. Enable this setting if you do not want Customer Tax IDs to appear in sales transactions.,
P4-help-html,erpnext/selling,erpnext/selling/doctype/selling_settings/selling_settings.json,,"This allows creation of sales orders from quotations that have passed their expiration date, providing flexibility in processing orders despite outdated quotes.",
P4-help-html,erpnext/selling,erpnext/selling/doctype/customer/customer.json,,"Transactions are blocked when the outstanding balance exceeds the credit limit. When Restrict Customer Over Billing is enabled, new invoices are also blocked when the customer's overdue amount exceeds the Overdue Limit.",
P4-help-html,erpnext/selling,erpnext/selling/doctype/selling_settings/selling_settings.json,,"When enabled, it adds a cutoff date filter to Delivery Notes created in bulk from Sales Orders. This allows you to process orders only with a transaction date up to the specified cutoff date, which is useful for period-end processing and batch fulfillment.",
P4-help-html,erpnext/setup,erpnext/setup/doctype/company/company.json,,"If <b>Enabled</b> - Reconciliation happens on the <b>Advance Payment posting date</b><br>
If <b>Disabled</b> - Reconciliation happens on oldest of 2 Dates: <b>Invoice Date</b> or the <b>Advance Payment posting date</b><br>
",
P4-help-html,erpnext/stock,erpnext/stock/doctype/serial_and_batch_bundle/serial_and_batch_bundle.py:1657,,"
			The Batch {0} of an item {1} has negative stock in the warehouse {2}{3}.
			Please add a stock quantity of {4} to proceed with this entry.
			If it is not possible to make an adjustment entry, please enable 'Allow Negative Stock for Batch' in the batch {0} or in the Stock Settings to proceed.
			However, enabling this setting may lead to negative stock in the system.
			So please ensure the stock levels are adjusted as soon as possible to maintain the correct valuation rate.",
P4-help-html,erpnext/stock,erpnext/stock/doctype/item/item.json,,"<div style=""margin-bottom:10px; color: var(--gray-500) !important;"">Define alternate units for this item. Eg: 1 Box = 12 Nos, set conversion factor as 12. (Will also apply for variants) <a href=""https://docs.frappe.io/erpnext/uom"" target=""_blank"">Learn more &#8594;</a></div>",
P4-help-html,erpnext/stock,erpnext/stock/doctype/inventory_dimension/inventory_dimension.json,,"<table class=""table table-bordered table-condensed"">
<thead>
  <tr>
         <th class=""table-sr"" style=""width: 50%;"">Child Document</th>
         <th class=""table-sr"" style=""width: 50%;"">Non Child Document</th>
   </tr>
</thead>
<tbody>
<tr>
         <td>
                  <p> To access parent document field use parent.fieldname and to access child table document field use doc.fieldname </p>

         </td>
         <td>
                    <p>To access document field use doc.fieldname </p>
         </td>
</tr>
<tr>
        <td>
                   <p><b>Example: </b> parent.doctype == ""Stock Entry"" and doc.item_code == ""Test"" </p>

        </td>
         <td>
                   <p><b>Example: </b> doc.doctype == ""Stock Entry"" and doc.purpose == ""Manufacture""</p>    
          </td>
</tr>

</tbody>
</table>






",
P4-help-html,erpnext/stock,erpnext/stock/doctype/item/item.py:1119,,Cannot change Item {0} from serialized to non-serialized because a Serial and Batch Bundle exists for it. Please delete or cancel the Serial and Batch Bundle first.,
P4-help-html,erpnext/stock,erpnext/stock/doctype/stock_entry/stock_entry.py:1060,,"Finished good quantity being consumed ({0} in stock UOM) must equal the quantity to disassemble ({1}). Do not change the UOM, conversion factor or quantity of the finished good row.",
P4-help-html,erpnext/stock,erpnext/stock/doctype/stock_reposting_settings/stock_reposting_settings.json,,"If enabled, a weekly scheduler scans the Stock Ledger Variance for item-warehouses with incorrect valuation in the current financial year and auto-creates Item & Warehouse based reposts to fix them.",
P4-help-html,erpnext/stock,erpnext/stock/doctype/batch/batch.json,,"If enabled, the system will allow negative stock entries for this batch, overriding the 'Allow negative stock for Batch' setting in Stock Settings. This may lead to incorrect valuation rates, so it is recommended to avoid using this option.",
P4-help-html,erpnext/stock,erpnext/stock/doctype/item/item.json,,Minimum stock level to maintain as a buffer. Used to calculate recommended reorder level: Reorder Level = Safety Stock + (Average Daily Consumption × Lead Time).,
P4-help-html,erpnext/stock,erpnext/stock/doctype/item/item.json,,"Percentage by which over-delivery or over-receipt is allowed against a Sales/Purchase Order for this item. If not set, value from Stock Settings will be used.",
P4-help-html,erpnext/stock,erpnext/stock/doctype/inventory_dimension/inventory_dimension.json,,Python expression evaluated on the server. Use doc.fieldname for the row and parent.fieldname for the parent document. When it evaluates to true the dimension becomes mandatory. Example: doc.t_warehouse and doc.qty > 0,
P4-help-html,erpnext/stock,erpnext/stock/doctype/stock_entry/stock_entry.py:1104,,"Row #{0}: Item {1} quantity ({2} in stock UOM) does not match the quantity derived from the source ({3}). Do not change the UOM, conversion factor or quantity of disassembly rows.",
P4-help-html,erpnext/stock,erpnext/stock/doctype/stock_entry/stock_entry.py:344,,Row {0}: Serial/Batch has been reset to values linked with Work Order {1} because the previously selected serial/batch does not belong to this Work Order.,
P4-help-html,erpnext/stock,erpnext/stock/doctype/warehouse/warehouse.py:124,,"Stock entries exist with the old account. Changing the account may lead to a mismatch between the warehouse closing balance and the account closing balance. The overall closing balance will still match, but not for the specific account.",
P4-help-html,erpnext/stock,erpnext/stock/doctype/stock_settings/stock_settings.json,,This option is useful if you want to ensure a constant supply of raw materials/products and avoid shortage. A Material Request will be raised automatically when stock reached the re-order level defined in the Item form.,
P4-help-html,frappe/contacts,frappe/contacts/doctype/address_template/address_template.json,,"<h4>Default Template</h4>
<p>Uses <a href=""http://jinja.pocoo.org/docs/templates/"">Jinja Templating</a> and all the fields of Address (including Custom Fields if any) will be available</p>
<pre><code>{{ address_line1 }}&lt;br&gt;
{% if address_line2 %}{{ address_line2 }}&lt;br&gt;{% endif -%}
{{ city }}&lt;br&gt;
{% if state %}{{ state }}&lt;br&gt;{% endif -%}
{% if pincode %} PIN:  {{ pincode }}&lt;br&gt;{% endif -%}
{{ country }}&lt;br&gt;
{% if phone %}Phone: {{ phone }}&lt;br&gt;{% endif -%}
{% if fax %}Fax: {{ fax }}&lt;br&gt;{% endif -%}
{% if email_id %}Email: {{ email_id }}&lt;br&gt;{% endif -%}
</code></pre>",
P4-help-html,frappe/core,frappe/core/doctype/system_settings/system_settings.json,,"0 - too guessable: risky password.
<br>
1 - very guessable: protection from throttled online attacks. 
<br>
2 - somewhat guessable: protection from unthrottled online attacks.
<br>
3 - safely unguessable: moderate protection from offline slow-hash scenario.
<br>
4 - very unguessable: strong protection from offline slow-hash scenario.",
P4-help-html,frappe/core,frappe/core/doctype/user/user.json,,"<a href=""https://docs.frappe.io/framework/user/en/api/rest#1-token-based-authentication"" target=""_blank"">
  Click here to learn about token-based authentication
</a>",
P4-help-html,frappe/core,frappe/core/doctype/document_naming_settings/document_naming_settings.json,,"<div class=""well"">
    Edit list of Series in the box. Rules:
    <ul>
        <li>Each Series Prefix on a new line.</li>
        <li>Allowed special characters are ""/"" and ""-""</li>
        <li>
            Optionally, set the number of digits in the series using dot (.)
            followed by hashes (#). For example, "".####"" means that the series
            will have four digits. Default is five digits.
        </li>
        <li>
            You can also use variables in the series name by putting them
            between (.) dots
            <br>
            Supported Variables:
            <ul>
                <li><code>.YYYY.</code> - Year in 4 digits</li>
                <li><code>.YY.</code> - Year in 2 digits</li>
                <li><code>.MM.</code> - Month</li>
                <li><code>.DD.</code> - Day of month</li>
                <li><code>.WW.</code> - Week of the year</li>
                <li>
                    <code>.{fieldname}.</code> - fieldname on the document e.g.
                    <code>branch</code>
                </li>
                <li><code>.FY.</code> - Fiscal Year (requires ERPNext to be installed)</li>
                <li><code>.ABBR.</code> - Company Abbreviation (requires ERPNext to be installed)</li>
            </ul>
        </li>
    </ul>
    Examples:
    <ul>
        <li>INV-</li>
        <li>INV-10-</li>
        <li>INVK-</li>
        <li>INV-.YYYY.-.{branch}.-.MM.-.####</li>
    </ul>
</div>
<br>
",
P4-help-html,frappe/core,frappe/core/doctype/scheduled_job_type/scheduled_job_type.json,,"<pre>*  *  *  *  *
┬  ┬  ┬  ┬  ┬
│  │  │  │  │
│  │  │  │  └ day of week (0 - 6) (0 is Sunday)
│  │  │  └───── month (1 - 12)
│  │  └────────── day of month (1 - 31)
│  └─────────────── hour (0 - 23)
└──────────────────── minute (0 - 59)

---

* - Any value
/ - Step values
</pre>
",
P4-help-html,frappe/core,frappe/core/doctype/document_naming_settings/document_naming_settings.json,,"Change the starting / current sequence number of an existing series. <br>

Warning: Incorrectly updating counters can prevent documents from getting created.",
P4-help-html,frappe/core,frappe/core/doctype/document_naming_settings/document_naming_settings.json,,"Configure how amended documents will be named.<br>

Default behaviour is to follow an amend counter which adds a number to the end of the original name indicating the amended version. <br>

Default Naming will make the amended document to behave same as new documents.",
P4-help-html,frappe/core,frappe/core/doctype/user/user.json,,"Enter default value fields (keys) and values. If you add multiple values for a field, the first one will be picked. These defaults are also used to set ""match"" permission rules. To see list of fields, go to ""Customize Form"".",
P4-help-html,frappe/core,frappe/core/doctype/report/report.json,,"Filters will be accessible via <code>filters</code>. <br><br>Send output as <code>result = [result]</code>, or for old style <code>data = [columns], [result]</code>",
P4-help-html,frappe/core,frappe/core/workspace/welcome_workspace/welcome_workspace.json,,"I guess you don't have access to any workspace yet, but you can create one just for yourself. Click on the <b>Create Workspace</b> button to create one.<br>",
P4-help-html,frappe/core,frappe/core/doctype/system_settings/system_settings.json,,"If Apply Strict User Permission is checked and User Permission is defined for a DocType for a User, then all the documents where value of the link is blank, will not be shown to that User",
P4-help-html,frappe/core,frappe/core/page/permission_manager/permission_manager_help.html:5,,"Permissions are set on Roles and Document Types (called DocTypes) by setting rights like Read, Write, Create, Delete, Submit, Cancel, Amend, Report, Import, Export, Print, Email and Set User Permissions.",
P4-help-html,frappe/core,frappe/core/doctype/system_settings/system_settings.json,,"Provide a list of allowed file extensions for file uploads. Each line should contain one allowed file type. If unset, all file extensions are allowed. Example: <br>CSV<br>JPG<br>PNG",
P4-help-html,frappe/core,frappe/core/doctype/system_settings/system_settings.json,,"When enabled this will allow guests to upload files to your application, You can enable this if you wish to collect files from user without having them to log in, for example in job applications web form.",
P4-help-html,frappe/core,frappe/core/doctype/system_settings/system_settings.json,,"When uploading files, force the use of the web-based image capture. If this is unchecked, the default behavior is to use the mobile native camera when use from a mobile is detected.",
P4-help-html,frappe/core,frappe/core/doctype/prepared_report/prepared_report.js:57,,"Your CSV file is being generated and will appear in the Attachments section once ready. Additionally, you will get notified when the file is available for download.",
P4-help-html,frappe/custom,frappe/custom/doctype/customize_form/customize_form.js:285,,Export only customizations assigned to the selected module.<br><span class='text-muted'><strong>Note:</strong> You must set the <em>Module (for export)</em> field on Custom Field and Property Setter records before applying this filter.</span><p class='alert alert-warning'> <strong>Warning:</strong> Customizations from other modules will be excluded.</p>,
P4-help-html,frappe/custom,frappe/custom/doctype/customize_form/customize_form.json,,"Naming Options:
<ol><li><b>field:[fieldname]</b> - By Field</li><li><b>naming_series:</b> - By Naming Series (field called naming_series must be present)</li><li><b>Prompt</b> - Prompt user for a name</li><li><b>[series]</b> - Series by prefix (separated by a dot); for example PRE.#####</li>
<li><b>format:EXAMPLE-{MM}morewords{fieldname1}-{fieldname2}-{#####}</b> - Replace all braced words (fieldnames, date words (DD, MM, YY), series) with their value. Outside braces, any characters can be used.</li></ol>",
P4-help-html,frappe/custom,frappe/custom/doctype/customize_form_field/customize_form_field.json,,"This field will appear only if the fieldname defined here has value OR the rules are true (examples):
myfield
eval:doc.myfield=='My Value'
eval:doc.age&gt;18",
P4-help-html,frappe/desk,frappe/desk/doctype/custom_html_block/custom_html_block.json,,"<p>To interact with above HTML you will have to use `root_element` as a parent selector.</p><p>For example:</p><pre class=""p-3 bg-gray-100 border-radius rounded-sm mb-0"" style=""width: fit-content;""><code>// here root_element is provided by default
let some_class_element = root_element.querySelector('.some-class');
some_class_element.textContent = ""New content"";
</code></pre>",
P4-help-html,frappe/desk,frappe/desk/doctype/number_card/number_card.json,,"Set the filters here. For example:
<pre class=""small text-muted""><code>
[{
	fieldname: ""company"",
	label: __(""Company""),
	fieldtype: ""Link"",
	options: ""Company"",
	default: frappe.defaults.get_user_default(""Company""),
	reqd: 1
},
{
	fieldname: ""account"",
	label: __(""Account""),
	fieldtype: ""Link"",
	options: ""Account"",
	reqd: 1
}]
</code></pre>",
P4-help-html,frappe/desk,frappe/desk/doctype/number_card/number_card.json,,"Set the path to a whitelisted function that will return the data for the number card in the format:

<pre class=""small text-muted""><code>
{
	""value"": value,
	""fieldtype"": ""Currency"",
	""route_options"": {""from_date"": ""2023-05-23""},
	""route"": [""query-report"", ""Permitted Documents For User""]
}</code></pre>",
P4-help-html,frappe/email,frappe/email/doctype/email_template/email_template.json,,"<h4>Email Reply Example</h4>

<pre>Order Overdue

Transaction {{ name }} has exceeded Due Date. Please take necessary action.

Details

- Customer: {{ customer }}
- Amount: {{ grand_total }}
</pre>

<h4>How to get fieldnames</h4>

<p>The fieldnames you can use in your email template are the fields in the document from which you are sending the email. You can find out the fields of any documents via Setup &gt; Customize Form View and selecting the document type (e.g. Sales Invoice)</p>

<h4>Templating</h4>

<p>Templates are compiled using the Jinja Templating Language. To learn more about Jinja, <a class=""strong"" href=""http://jinja.pocoo.org/docs/dev/templates/"">read this documentation.</a></p>
",
P4-help-html,frappe/email,frappe/email/doctype/notification/notification.json,,"<h5>Message Example</h5>

<pre>&lt;h3&gt;Order Overdue&lt;/h3&gt;

&lt;p&gt;Transaction {{ doc.name }} has exceeded Due Date. Please take necessary action.&lt;/p&gt;

&lt;!-- show last comment --&gt;
{% if comments %}
Last comment: {{ comments[-1].comment }} by {{ comments[-1].by }}
{% endif %}

&lt;h4&gt;Details&lt;/h4&gt;

&lt;ul&gt;
&lt;li&gt;Customer: {{ doc.customer }}
&lt;li&gt;Amount: {{ doc.grand_total }}
&lt;/ul&gt;
</pre>",
P4-help-html,frappe/email,frappe/email/doctype/notification/notification.json,,"<p><strong>Condition Examples:</strong></p>
<pre><code class=""language-python"">doc.status==""Open""<br>doc.due_date==nowdate()<br>doc.total &gt; 40000
</code></pre>
",
P4-help-html,frappe/email,frappe/email/doctype/email_queue/email_queue.json,,"Raw HTML emails are rendered as complete Jinja templates. Otherwise, emails are wrapped in the standard.html email template, which inserts brand_logo, header and footer.",
P4-help-html,frappe/email,frappe/email/doctype/notification/notification.json,,Send <b>at the earliest</b> this number of minutes before or after the reference datetime. The actual sending may be delayed by up to 5 minutes due to the scheduler's trigger cadence.,
P4-help-html,frappe/email,frappe/email/doctype/email_account/email_account.py:268,,The following configured IMAP folder(s) were not found or are not accessible on the server:<br><ul>{0}</ul>Please verify the folder names exactly as they appear on the server and ensure the account has access to them.,
P4-help-html,frappe/email,frappe/email/doctype/auto_email_report/auto_email_report.json,,"To begin the date range at the start of the chosen period. For example, if 'Year' is selected as the period, the report will start from January 1st of the current year.",
P4-help-html,frappe/email,frappe/email/doctype/email_account/email_account.json,,"Track if your email has been opened by the recipient.
<br>
Note: If you're sending to multiple recipients, even if 1 recipient reads the email, it'll be considered ""Opened""",
P4-help-html,frappe/email,frappe/email/doctype/email_account/email_account.js:284,,"You are selecting Sync Option as ALL, It will resync all read as well as unread message from server. This may also cause the duplication of Communication (emails).",
P4-help-html,frappe/integrations,frappe/integrations/doctype/oauth_client/oauth_client.json,,"A version identifier string for the client software.
<br>
The value of the should change on any update of the client software with the same Software ID.",
P4-help-html,frappe/integrations,frappe/integrations/doctype/oauth_settings/oauth_settings.json,,"Allows clients to fetch metadata from the <code>/.well-known/oauth-authorization-server</code> endpoint. Reference: <a href=""https://datatracker.ietf.org/doc/html/rfc8414"">RFC8414</a>",
P4-help-html,frappe/integrations,frappe/integrations/doctype/oauth_settings/oauth_settings.json,,"Allows clients to fetch metadata from the <code>/.well-known/oauth-protected-resource</code> endpoint. Reference: <a href=""https://datatracker.ietf.org/doc/html/rfc9728#name-protected-resource-metadata"">RFC9728</a>",
P4-help-html,frappe/integrations,frappe/integrations/doctype/oauth_settings/oauth_settings.json,,"Allows clients to register themselves without manual intervention. Registration creates a <b>OAuth Client</b> entry. Reference: <a href=""https://datatracker.ietf.org/doc/html/rfc7591"">RFC7591</a>",
P4-help-html,frappe/integrations,frappe/integrations/doctype/push_notification_settings/push_notification_settings.json,,"Enabling this will register your site on a central relay server to send push notifications for all installed apps through Firebase Cloud Messaging. This server only stores user tokens and error logs, and no messages are saved.",
P4-help-html,frappe/integrations,frappe/integrations/doctype/oauth_settings/oauth_settings.json,,"New line separated list of allowed public client URLs (eg <code>https://frappe.io</code>), or <code>*</code> to accept all.
<br>
Public clients are restricted by default.",
P4-help-html,frappe/integrations,frappe/integrations/doctype/google_settings/google_settings.json,,"The browser API key obtained from the Google Cloud Console under <a href=""https://console.cloud.google.com/apis/credentials"">
""APIs &amp; Services"" &gt; ""Credentials""
</a>",
P4-help-html,frappe/integrations,frappe/integrations/doctype/google_settings/google_settings.json,,"The Client ID obtained from the Google Cloud Console under <a href=""https://console.cloud.google.com/apis/credentials"">
""APIs &amp; Services"" &gt; ""Credentials""
</a>",
P4-help-html,frappe/integrations,frappe/integrations/doctype/google_settings/google_settings.json,,"The project number obtained from Google Cloud Console under <a href=""https://console.cloud.google.com/iam-admin/settings"">
""IAM &amp; Admin"" &gt; ""Settings""
</a>",
P4-help-html,frappe/integrations,frappe/integrations/doctype/oauth_client/oauth_client.json,,"Unique ID assigned by the client developer used to identify the client software to be dynamically registered.
<br>
<b>Should remain same</b> across multiple versions or updates of the software.",
P4-help-html,frappe/integrations,frappe/integrations/doctype/oauth_client/oauth_client.json,,"URIs for receiving authorization code once the user allows access, as well as failure responses. Typically a REST endpoint exposed by the Client App.
<br>e.g. http://hostname/api/method/frappe.integrations.oauth2_logins.login_via_facebook",
P4-help-html,frappe/model,frappe/model/base_document.py:827,,"The value of the field {0} is too long in the {1} document. To resolve this issue, please reduce the value length or change the {0} field Type to Long Text using customize form, and then try again.",
P4-help-html,frappe/printing,frappe/printing/doctype/print_format/print_format.json,,"<h3>Custom CSS Help</h3>

<p>Notes:</p>

<ol>
<li>All field groups (label + value) are set attributes <code>data-fieldtype</code> and <code>data-fieldname</code></li>
<li>All values are given class <code>value</code></li>
<li>All Section Breaks are given class <code>section-break</code></li>
<li>All Column Breaks are given class <code>column-break</code></li>
</ol>

<h4>Examples</h4>

<p>1. Left align integers</p>

<pre><code>[data-fieldtype=""Int""] .value { text-align: left; }</code></pre>

<p>1. Add border to sections except the last section</p>

<pre><code>.section-break { padding: 30px 0px; border-bottom: 1px solid #eee; }
.section-break:last-child { padding-bottom: 0px; border-bottom: 0px;  }</code></pre>
",
P4-help-html,frappe/printing,frappe/printing/doctype/print_format/print_format.json,,"<h3>Print Format Help</h3>
<hr>
<h4>Introduction</h4>
<p>Print Formats are rendered on the server side using the Jinja Templating Language. All forms have access to the <code>doc</code> object which contains information about the document that is being formatted. You can also access common utilities via the <code>frappe</code> module.</p>
<p>For styling, the Boostrap CSS framework is provided and you can enjoy the full range of classes.</p>
<hr>
<h4>References</h4>
<ol>
	<li><a href=""http://jinja.pocoo.org/docs/templates/"" target=""_blank"">Jinja Templating Language</a></li>
	<li><a href=""http://getbootstrap.com"" target=""_blank"">Bootstrap CSS Framework</a></li>
</ol>
<hr>
<h4>Example</h4>
<pre><code>&lt;h3&gt;{{ doc.select_print_heading or ""Invoice"" }}&lt;/h3&gt;
&lt;div class=""row""&gt;
	&lt;div class=""col-md-3 text-right""&gt;Customer Name&lt;/div&gt;
	&lt;div class=""col-md-9""&gt;{{ doc.customer_name }}&lt;/div&gt;
&lt;/div&gt;
&lt;div class=""row""&gt;
	&lt;div class=""col-md-3 text-right""&gt;Date&lt;/div&gt;
	&lt;div class=""col-md-9""&gt;{{ doc.get_formatted(""invoice_date"") }}&lt;/div&gt;
&lt;/div&gt;
&lt;table class=""table table-bordered""&gt;
	&lt;tbody&gt;
		&lt;tr&gt;
			&lt;th&gt;Sr&lt;/th&gt;
			&lt;th&gt;Item Name&lt;/th&gt;
			&lt;th&gt;Description&lt;/th&gt;
			&lt;th class=""text-right""&gt;Qty&lt;/th&gt;
			&lt;th class=""text-right""&gt;Rate&lt;/th&gt;
			&lt;th class=""text-right""&gt;Amount&lt;/th&gt;
		&lt;/tr&gt;
		{%- for row in doc.items -%}
		&lt;tr&gt;
			&lt;td style=""width: 3%;""&gt;{{ row.idx }}&lt;/td&gt;
			&lt;td style=""width: 20%;""&gt;
				{{ row.item_name }}
				{% if row.item_code != row.item_name -%}
				&lt;br&gt;Item Code: {{ row.item_code}}
				{%- endif %}
			&lt;/td&gt;
			&lt;td style=""width: 37%;""&gt;
				&lt;div style=""border: 0px;""&gt;{{ row.description }}&lt;/div&gt;&lt;/td&gt;
			&lt;td style=""width: 10%; text-align: right;""&gt;{{ row.qty }} {{ row.uom or row.stock_uom }}&lt;/td&gt;
			&lt;td style=""width: 15%; text-align: right;""&gt;{{
				row.get_formatted(""rate"", doc) }}&lt;/td&gt;
			&lt;td style=""width: 15%; text-align: right;""&gt;{{
				row.get_formatted(""amount"", doc) }}&lt;/td&gt;
		&lt;/tr&gt;
		{%- endfor -%}
	&lt;/tbody&gt;
&lt;/table&gt;</code></pre>
<hr>
<h4>Common Functions</h4>
<table class=""table table-bordered"">
	<tbody>
		<tr>
			<td style=""width: 30%;""><code>doc.get_formatted(""[fieldname]"", [parent_doc])</code></td>
			<td>Get document value formatted as Date, Currency, etc. Pass parent <code>doc</code> for currency type fields.</td>
		</tr>
		<tr>
			<td style=""width: 30%;""><code>frappe.db.get_value(""[doctype]"", ""[name]"", ""fieldname"")</code></td>
			<td>Get value from another document.</td>
		</tr>
	</tbody>
</table>
",
P4-help-html,frappe/public,frappe/public/js/frappe/form/print_utils.js:176,,"Error connecting to QZ Tray Application...<br><br> You need to have QZ Tray application installed and running, to use the Raw Print feature.<br><br><a target=""_blank"" href=""https://qz.io/download/"">Click here to Download and install QZ Tray</a>.<br> <a target=""_blank"" href=""https://erpnext.com/docs/user/manual/en/setting-up/print/raw-printing"">Click here to learn more about Raw Printing</a>.",
P4-help-html,frappe/website,frappe/website/web_form/request_data/request_data.json,,"<div class=""ql-editor read-mode""><p>Request a file containing your personally identifiable information (PII) that is saved on our system. The file will be in JSON format and is sent to you by email. If you would like to have your PII deleted from our system, please make a <a href=""/request-to-delete-data"" rel=""noopener noreferrer"">request to delete data</a>.</p></div>",
P4-help-html,frappe/website,frappe/website/web_form/request_to_delete_data/request_to_delete_data.json,,"<div class=""ql-editor read-mode""><p>Send a request to delete your account and personally identifiable information (PII) that is stored on our system. You will receive an email to verify your request. Once the request is verified we will take care of deleting your PII. If you just want to check what PII we have stored, you can <a href=""/request-data"" rel=""noopener noreferrer"">request your data</a>.</p></div>",
P4-help-html,frappe/website,frappe/website/doctype/web_form/web_form.json,,"<p>Multiple webforms can be created for a single doctype. Add filters specific to this webform to display correct record after submission.</p><p>For Example:</p>
<p>If you create a separate webform every year to capture feedback from employees add a 
 field named year in doctype and add a filter <b>year = 2023</b></p>
",
P4-help-html,frappe/website,frappe/website/doctype/web_page/web_page.json,,"<p>Set context before rendering a template. Example:</p><p>
</p><div><pre><code>
context.project = frappe.get_doc(""Project"", frappe.form_dict.name)
</code></pre></div>",
P4-help-html,frappe/website,frappe/website/doctype/website_settings/website_settings.json,,"Brand is what appears on the top-left of the toolbar. If it is an image, make sure it
has a transparent background and use the &lt;img /&gt; tag. Keep size as 200px x 30px",
P4-help-html,frappe/website,frappe/website/doctype/web_form/web_form.json,,"Specify the domains or origins that are permitted to embed this form. Enter one domain per line (e.g., https://example.com). If no domains are specified, the form can only be embedded on the same origin.",
P4-help-html,frappe/website,frappe/website/doctype/web_page/web_page.js:125,,"The meta description is an HTML attribute that provides a brief summary of a web page. Search engines such as Google often display the meta description in search results, which can influence click-through rates.",
P4-help-html,frappe/website,frappe/website/doctype/web_page/web_page.js:132,,"The meta image is unique image representing the content of the page. Images for this Card should be at least 280px in width, and at least 150px in height.",
P4-help-html,frappe/workflow,frappe/workflow/doctype/workflow_transition/workflow_transition.json,,"<pre><code>doc.grand_total &gt; 0</code></pre>

<p>Conditions should be written in simple Python. Please use properties available in the form only.</p>
<p>Allowed functions:
</p><ul>
<li>frappe.db.get_value</li>
<li>frappe.db.get_list</li>
<li>frappe.session</li>
<li>frappe.utils.now_datetime</li>
<li>frappe.utils.get_datetime</li>
<li>frappe.utils.add_to_date</li>
<li>frappe.utils.now</li>
</ul>
<p>Example: </p><pre><code>doc.creation &gt; frappe.utils.add_to_date(frappe.utils.now_datetime(), days=-5, as_string=True, as_datetime=True) </code></pre><p></p>",
P4-help-html,frappe/workflow,frappe/workflow/doctype/workflow/workflow.js:264,,"DocStatus of the following states have changed:<br><strong>{0}</strong><br>
				Do you want to update the docstatus of existing documents in those states?<br>
				This does not undo any effect bought in by the document's existing docstatus.
				",
P4-help-html,frappe/workflow,frappe/workflow/doctype/workflow/workflow.js:19,,"NOTE: If you add states or transitions in the table, it will be reflected in the Workflow Builder but you will have to position them manually. Also Workflow Builder is currently in <b>BETA</b>.",
P4-help-html,hrms/hr,hrms/hr/doctype/appraisal_cycle/appraisal_cycle.json,,"By default, the Final Score is calculated as the average of Goal Score, Feedback Score, and Self Appraisal Score. Enable this to set a different formula",
P4-help-html,hrms/hr,hrms/hr/doctype/overtime_type/overtime_type.json,,"Choose how the hourly overtime amount is calculated:
<ol style=""padding-left:15px""><li>Fixed Hourly Rate: A fixed, manually entered hourly rate.</li>
<li>Salary Component-Based:

(Sum of selected component amounts) ÷ (Payment Days) ÷ (Standard Daily Hours)</li></ol>",
P4-help-html,hrms/hr,hrms/hr/doctype/leave_type/leave_type.json,,"Indicates the number of leaves that cannot be encashed from the leave balance. E.g. with a leave balance of 10 and 4 Non-Encashable Leaves, you can encash 6, while the remaining 4 can be carried forward or expired",
P4-help-html,hrms/hr,hrms/hr/doctype/employee_checkin/employee_checkin.js:9,,"This check-in is outside assigned shift hours and will not be considered for attendance. If a shift is assigned, adjust its time window and Fetch Shift again.",
P4-help-html,hrms/patches,hrms/patches/v15_0/notify_about_loan_app_separation.py:17,,"If you are using loans in salary slips, please install the {0} app from Frappe Cloud Marketplace or GitHub to continue using loan integration with payroll.",
P4-help-html,hrms/payroll,hrms/payroll/doctype/salary_component/salary_component.json,,"<h3>Help</h3>

<p>Notes:</p>

<ol>
<li>Use field <code>base</code> for using base salary of the Employee</li>
<li>Use Salary Component abbreviations in conditions and formulas. <code>BS = Basic Salary</code></li>
<li>Use field name for employee details in conditions and formulas. <code>Employment Type = employment_type</code><code>Branch = branch</code></li>
<li>Use field name from Salary Slip in conditions and formulas. <code>Payment Days = payment_days</code><code>Leave without pay = leave_without_pay</code></li>
<li>Direct Amount can also be entered based on Condition. See example 3</li></ol>

<h4>Examples</h4>
<ol>
<li>Calculating Basic Salary based on <code>base</code>
<pre><code>Condition: base &lt; 10000</code></pre>
<pre><code>Formula: base * .2</code></pre></li>
<li>Calculating HRA based on Basic Salary<code>BS</code> 
<pre><code>Condition: BS &gt; 2000</code></pre>
<pre><code>Formula: BS * .1</code></pre></li>
<li>Calculating TDS based on Employment Type<code>employment_type</code> 
<pre><code>Condition: employment_type==""Intern""</code></pre>
<pre><code>Amount: 1000</code></pre></li>
</ol>",
P4-help-html,hrms/payroll,hrms/payroll/doctype/taxable_salary_slab/taxable_salary_slab.json,,"<h4>Condition Examples</h4>
<ol>
<li>Applying tax if employee born between 31-12-1937 and 01-01-1958 (Employees aged 60 to 80)<br>
<code>Condition: date_of_birth&gt;date(1937, 12, 31) and date_of_birth&lt;date(1958, 01, 01)</code></li><br><li>Applying tax by employee gender<br>
<code>Condition: gender==""Male""</code></li><br>
<li>Applying tax by Salary Component<br>
<code>Condition: base &gt; 10000</code></li></ol>",
P4-help-html,hrms/payroll,hrms/payroll/doctype/employee_benefit_claim/employee_benefit_claim.py:48,,"Employee {0} has already claimed the benefit '{1}' for {2} ({3}).<br>To prevent overpayments, only one claim per benefit type is allowed in each payroll cycle.",
P4-help-html,hrms/payroll,hrms/payroll/doctype/salary_component/salary_component.json,,"If enabled, the value specified or calculated in this component will not contribute to the earnings or deductions. However, it's value can be referenced by other components that can be added or deducted. ",
P4-help-html,hrms/payroll,hrms/payroll/doctype/salary_component/salary_component.json,,"If enabled, this component allows to accrue amounts without adding them to earnings. The accrued balance is tracked in the Employee Benefit Ledger and can be paid out later as needed.",
P4-help-html,hrms/payroll,hrms/payroll/doctype/salary_detail/salary_detail.json,,"If selected, the value specified or calculated in this component will not contribute to the earnings or deductions. However, it's value can be referenced by other components that can be added or deducted. ",
P4-help-html,hrms/payroll,hrms/payroll/doctype/payroll_entry/payroll_entry.py:144,,"In case of any error during this background process, the system will add a comment about the error on this Payroll Entry and revert to the Submitted status",
P5-review,frappe/core,frappe/core/doctype/recorder/recorder.json,,DELETE,
P5-review,frappe/core,frappe/core/doctype/file/file.json,,old_parent,
P5-review,frappe/core,frappe/core/doctype/recorder/recorder.json,,OPTIONS,
P5-review,frappe/core,frappe/core/doctype/recorder/recorder.json,,PATCH,
P5-review,frappe/core,frappe/core/doctype/audit_trail/audit_trail.json,,version_table,
P5-review,frappe/desk,frappe/desk/reportview.py:532,Label of name column in report,ID,
P5-review,frappe/email,frappe/email/doctype/email_account/email_account.json,,DELAY,
P5-review,frappe/email,frappe/email/doctype/email_account/email_account.json,,FAILURE,
P5-review,frappe/email,frappe/email/doctype/email_account/email_account.json,,NEVER,
P5-review,frappe/email,frappe/email/doctype/email_account/email_account.json,,SUCCESS,
P5-review,frappe/email,frappe/email/doctype/email_account/email_account.json,,UIDNEXT,
P5-review,frappe/email,frappe/email/doctype/email_account/email_account.json,,UIDVALIDITY,
P5-review,frappe/email,frappe/email/doctype/email_account/email_account.json,,UNSEEN,
P5-review,frappe/integrations,frappe/integrations/doctype/webhook/webhook.json,,after_insert,
P5-review,frappe/integrations,frappe/integrations/doctype/webhook/webhook.json,,on_cancel,
P5-review,frappe/integrations,frappe/integrations/doctype/webhook/webhook.json,,on_change,
P5-review,frappe/integrations,frappe/integrations/doctype/webhook/webhook.json,,on_submit,
P5-review,frappe/integrations,frappe/integrations/doctype/webhook/webhook.json,,on_trash,
P5-review,frappe/integrations,frappe/integrations/doctype/webhook/webhook.json,,on_update,
P5-review,frappe/integrations,frappe/integrations/doctype/webhook/webhook.json,,on_update_after_submit,
P5-review,frappe/integrations,frappe/integrations/doctype/webhook/webhook.json,,workflow_transition,
P5-review,frappe/public,frappe/public/js/frappe/views/communication.js:82,Email Recipients,BCC,
P5-review,frappe/public,frappe/public/js/frappe/views/communication.js:75,Email Recipients,CC,
P5-review,frappe/public,frappe/public/js/frappe/color_picker/color_picker.js:23,,SWATCHES,
P5-review,frappe/templates,frappe/templates/print_formats/standard_macros.html:224,,CANCELLED,
P5-review,frappe/templates,frappe/templates/print_formats/standard_macros.html:219,,DRAFT,
P5-review,frappe/website,frappe/website/doctype/web_form/web_form.js:384,,login_required,
P5-review,hrms/hr,hrms/hr/doctype/attendance/attendance.json,,modify_half_day_status,
P0-skip,erpnext/setup,erpnext/setup/doctype/email_digest/email_digest.json,,  ,
P0-skip,frappe/core,frappe/core/doctype/document_naming_rule_condition/document_naming_rule_condition.json,,!=,
P0-skip,frappe/core,frappe/core/doctype/document_naming_rule_condition/document_naming_rule_condition.json,,<,
P0-skip,frappe/core,frappe/core/doctype/document_naming_rule_condition/document_naming_rule_condition.json,,<=,
P0-skip,frappe/core,frappe/core/doctype/document_naming_rule_condition/document_naming_rule_condition.json,,=,
P0-skip,frappe/core,frappe/core/doctype/document_naming_rule_condition/document_naming_rule_condition.json,,>,
P0-skip,frappe/core,frappe/core/doctype/document_naming_rule_condition/document_naming_rule_condition.json,,>=,
P0-skip,frappe/desk,frappe/desk/doctype/event/event.js:87,,{0},
P0-skip,frappe/public,frappe/public/js/frappe/utils/number_systems.js:9,Number system,B,
P0-skip,frappe/public,frappe/public/js/frappe/form/controls/duration.js:219,Days (Field: Duration),d,
P0-skip,frappe/public,frappe/public/js/frappe/form/controls/duration.js:220,Hours (Field: Duration),h,
P0-skip,frappe/public,frappe/public/js/frappe/utils/number_systems.js:17,Number system,K,
P0-skip,frappe/public,frappe/public/js/frappe/utils/number_systems.js:27,Number system,L,
P0-skip,frappe/public,frappe/public/js/frappe/utils/number_systems.js:13,Number system,M,
P0-skip,frappe/public,frappe/public/js/frappe/form/controls/duration.js:221,Minutes (Field: Duration),m,
P0-skip,frappe/public,frappe/public/js/frappe/form/controls/duration.js:222,Seconds (Field: Duration),s,
P0-skip,frappe/public,frappe/public/js/frappe/utils/number_systems.js:5,Number system,T,
P0-skip,frappe/utils,frappe/utils/data.py:1570,Money in words,{0}.,
P0-skip,hrms/hr,hrms/hr/doctype/leave_type/leave_type.json,,0.25,
P0-skip,hrms/hr,hrms/hr/doctype/leave_type/leave_type.json,,0.5,
P0-skip,hrms/hr,hrms/hr/doctype/daily_work_summary_group/daily_work_summary_group.json,,00:00,
P0-skip,hrms/hr,hrms/hr/doctype/daily_work_summary_group/daily_work_summary_group.json,,01:00,
P0-skip,hrms/hr,hrms/hr/doctype/daily_work_summary_group/daily_work_summary_group.json,,02:00,
P0-skip,hrms/hr,hrms/hr/doctype/daily_work_summary_group/daily_work_summary_group.json,,03:00,
P0-skip,hrms/hr,hrms/hr/doctype/daily_work_summary_group/daily_work_summary_group.json,,04:00,
P0-skip,hrms/hr,hrms/hr/doctype/daily_work_summary_group/daily_work_summary_group.json,,05:00,
P0-skip,hrms/hr,hrms/hr/doctype/daily_work_summary_group/daily_work_summary_group.json,,06:00,
P0-skip,hrms/hr,hrms/hr/doctype/daily_work_summary_group/daily_work_summary_group.json,,07:00,
P0-skip,hrms/hr,hrms/hr/doctype/daily_work_summary_group/daily_work_summary_group.json,,08:00,
P0-skip,hrms/hr,hrms/hr/doctype/daily_work_summary_group/daily_work_summary_group.json,,09:00,
P0-skip,hrms/hr,hrms/hr/doctype/leave_type/leave_type.json,,1.0,
P0-skip,hrms/hr,hrms/hr/doctype/daily_work_summary_group/daily_work_summary_group.json,,10:00,
P0-skip,hrms/hr,hrms/hr/doctype/daily_work_summary_group/daily_work_summary_group.json,,11:00,
P0-skip,hrms/hr,hrms/hr/doctype/daily_work_summary_group/daily_work_summary_group.json,,12:00,
P0-skip,hrms/hr,hrms/hr/doctype/daily_work_summary_group/daily_work_summary_group.json,,13:00,
P0-skip,hrms/hr,hrms/hr/doctype/daily_work_summary_group/daily_work_summary_group.json,,14:00,
P0-skip,hrms/hr,hrms/hr/doctype/daily_work_summary_group/daily_work_summary_group.json,,15:00,
P0-skip,hrms/hr,hrms/hr/doctype/daily_work_summary_group/daily_work_summary_group.json,,16:00,
P0-skip,hrms/hr,hrms/hr/doctype/daily_work_summary_group/daily_work_summary_group.json,,17:00,
P0-skip,hrms/hr,hrms/hr/doctype/daily_work_summary_group/daily_work_summary_group.json,,18:00,
P0-skip,hrms/hr,hrms/hr/doctype/daily_work_summary_group/daily_work_summary_group.json,,19:00,
P0-skip,hrms/hr,hrms/hr/doctype/daily_work_summary_group/daily_work_summary_group.json,,20:00,
P0-skip,hrms/hr,hrms/hr/doctype/daily_work_summary_group/daily_work_summary_group.json,,21:00,
P0-skip,hrms/hr,hrms/hr/doctype/daily_work_summary_group/daily_work_summary_group.json,,22:00,
P0-skip,hrms/hr,hrms/hr/doctype/daily_work_summary_group/daily_work_summary_group.json,,23:00,
